name,popularity
Vijay Sethupathi,2.017
Fahadh Faasil,2.207
Samantha Akkineni,1.708
Ramya Krishnan,1.542
Gayathrie Shankar,0.6
Bagavathi Perumal,0.6
Manushyaputhiran,0.6
Ashwanth Ashokkumar,0.98
Vijay Ram,0.6
Noble K. James,0.6
Jayanth,0.6
Mirnalini Ravi,0.6
Kavin Jay Babu,0.6
Abdool Lee,0.6
Vijay,3.273
Nayanthara,1.517
Jackie Shroff,0.833
Kathir,1.01
Vivek,0.6
Daniel Balaji,1.389
Anandaraj,0.73
Yogi Babu,1.652
Amritha Aiyer,0.6
Indhuja Ravichandran,0.728
Reba Monica John,1.128
Varsha Bollamma,0.98
Indraja Shankar,0.6
Arjan Bajwa,0.6
Devadarshini,1.4
Soundara Raja,0.6
Rohini,1.052
G. Gnanasambandam,1.4
Rama,1.96
I. M. Vijayan,0.6
Boxer Dheena,1.4
Manobala,1.4
Anish Kuruvilla,2.624
T.M. Karthik,0.895
George Mariyan,0.612
Sahithya Jagannathan,1.38
Abi Saravanan,0.6
Arun Alexander,0.6
Karthi,0.6
Narain,0.6
KPY Dheena,0.6
Ramana,0.6
Harish Uthaman,0.6
Hareesh Peradi,1.4
Krishnamoorthy,0.828
Amzath Khan,0.678
Mahanadhi Sankar,1.11
Vatsan,1.4
Arjun Das,0.6
Monicka Siva,0.6
Kanna Ravi,0.6
Pugazh,0.6
Tamanna Bhatia,2.412
Kaali Venkat,0.6
Munishkanth,1.125
Sathyan Sivakumar,2.351
Prem,0.6
Mime Gopi,0.6
K. S. G. Venkatesh,0.6
Livingston,0.6
Vaibhav Reddy,0.6
TSK,0.6
Dhanush,1.61
Manju Warrier,0.6
Ken Karunas,0.6
Pasupathy Masilamani,2.123
Prakash Raj,1.391
Ammu Abhirami,0.6
Adukalam Naren,0.6
Pawan,0.6
Bala Hasan,0.6
Nithish Veera,0.6
Sentrayan,1.094
Munnar Ramesh,0.6
Suriya,1.436
Mohanlal,2.3
Arya,1.4
Sayesha Saigal,0.6
Samuthirakani,0.6
Boman Irani,1.02
Shamna Kasim,1.96
Chirag Jani,0.6
Uma Padmanabhan,0.694
Sujatha Sivakumar,0.6
Thalaivasal Vijay,1.052
Nagineedu Vellanki,0.98
Ajith Kumar,1.4
Shraddha Srinath,1.4
Abhirami Venkatachalam,1.841
Andrea Tariang,0.6
Ashwin Rao Pallakki,0.6
Rangaraj Pandey,0.6
Arjun Chidambaram,0.6
Priyadarshini Rajkumar,0.6
Delhi Ganesh,0.6
Sujith Sankar,1.38
Vidya Balan,0.83
Kalki Koechlin,2.15
Vikram,0.995
Abi Hassan,0.6
Akshara Haasan,0.6
Lena,0.6
Cherry Mardia,1.4
Sayaji Shinde,0.608
Vikas Shrivastav,0.6
Joy Badlani,0.631
Puravalan,0.619
Jasmine Kaar,1.568
Siddhartha Shankar,0.6
Jawahar,0.6
Raja Ravindra,0.6
Rakul Preet Singh,1.4
Sai Pallavi,0.6
Ilavarasu,0.6
Bala Singh,0.6
Devaraj,0.6
Ponvannan,0.6
Rajkumar,0.6
Nizhalgal Ravi,0.6
Vela Ramamoorthy,0.714
Raghava Lawrence,0.704
Vedhika,0.6
Nikki Tamboli,0.636
Oviya Helen,0.6
Kovai Sarala,0.929
Kabir Duhan Singh,0.6
Nedumudi Venu,0.905
Soori,1.4
Sriman,0.6
Tarun Arora,1.4
Aathma Patrick,1.4
Anupama Kumar,0.6
Kalaiyarasan,0.6
Jayaprakash,0.6
Baby Saanvitha,0.6
Kulappulli Leela,0.6
Meera Krishnan,0.6
Senthikumari,0.652
Gabrella Sellus,0.6
Maathevan,0.6
Nishaanth Ramakrishnan,0.6
Krishna Abhishek,1.4
Mona Kakade,0.6
Arun Vijay,0.6
Tanya Hope,0.6
Smruthi Venkat,1.4
Vidhya Pradeep,0.758
Fefsi Vijayan,1.614
Sonia Agarwal,0.667
Pallavaraja,0.6
Mugambikai Ravi,0.6
VJ Thanigai,0.6
Nikki Galrani,0.98
Vignesh,1.38
Amrutha Srinivasan,0.98
Santhosh Prathap,0.771
Renuka,0.6
Dhaksha H. Arun,0.6
Rethika Srinivas,0.98
T. M. Karthik,0.6
Karthik Muthuraman,1.456
Rajinikanth,1.4
Nawazuddin Siddiqui,1.551
M. Sasikumar,1.38
Bobby Simha,0.6
Simran,0.652
Trisha Krishnan,1.166
Sananth Reddy,0.84
Megha Akash,1.4
Malavika Mohanan,0.6
Muthukumar,0.84
Guru Somasundaram,0.6
Y. G. Mahendran,1.4
Chinni Jayanth,0.6
Vivek Prasanna,0.652
Ramachandran Durairaj,2.768
Manikanda Rajan,0.811
Deepak Paramesh,0.6
Adhithya Shivpink,0.6
Thennavan,0.6
Shabeer Kallarakkal,0.6
Gajaraj,0.6
Rohit Nandakumar,0.6
Thambi Ramaiah,0.609
Robo Shankar,1.052
Jagapati Babu,1.389
Kalairani,0.6
Jangiri Madhumitha,0.6
Namo Narayanan,1.22
Sakshi Agarwal,0.6
Papri Ghosh,0.6
Anikha Surendran,0.98
Bharath Reddy,0.6
Ramesh Thilak,0.615
Surekha Vani,1.4
R. N. R. Manohar,1.4
Ravi Prakash,0.79
Narayan Lucky,1.223
Sharmila Thapa,0.6
Mukhtar Khan,0.6
Gayatri Bhargavi,0.6
Temper Vamsi,1.4
Kamal Haasan,1.048
Asin Thottumkal,1.4
Mallika Sherawat,0.706
Jaya Prada,1.286
Napoleon,0.622
Raghuram,0.98
Shammu,0.6
M. S. Bhaskar,0.6
Vaiyapuri,0.828
Chitti Babu,0.98
Santhana Bharathi,0.6
Rekha,1.4
R. Sundarrajan,0.6
Nagesh,1.411
K R Vijaya,1.008
Ramesh Khanna,1.4
David W. Scott,0.6
Ryan Reynolds,18.138
Josh Brolin,5.946
Morena Baccarin,10.79
Julian Dennison,5.429
Zazie Beetz,3.733
T. J. Miller,2.558
Leslie Uggams,2.252
Karan Soni,3.37
Brianna Hildebrand,2.667
Jack Kesy,1.257
Eddie Marsan,3.293
Shiori Kutsuna,2.644
Stefan Kapičić,0.63
Randal Reeder,1.008
Nikolai Witschl,1.96
Thayr Harris,0.6
Rob Delaney,0.756
Lewis Tan,7.573
Bill Skarsgård,4.484
Terry Crews,3.325
Brad Pitt,14.007
Paul Wu,0.856
Robert Maillet,2.658
Alan Tudyk,7.133
Matt Damon,11.031
Michasha Armstrong,1.676
Joe Doserro,0.6
Hayley Sales,1.544
Islie Hirvonen,1.4
Jagua Arneja,0.6
Gerry South,0.6
Mike Dopud,2.122
Luke Roessler,3.663
Andy Canete,0.98
Tanis Dolman,0.775
Eleanor Walker,0.6
Hunter Dillon,2.068
Sala Baker,3.832
Sonia Sunger,0.6
Abiola Uthman,0.6
Tony Bailey,0.6
David Cook,0.6
Alex Kliner,0.6
Elaine Kliner,0.6
Alicia Morton,0.6
Fred Savage,3.235
Valencia Budijanto,0.6
Lisa Bunting,0.648
Miles Ellis,0.6
Sean Gislingham,0.6
Lars Grant,0.739
Sam Hargrave,1.658
Nicholas Hoult,6.86
Simon MacIntyre,0.6
James McAvoy,7.61
Evan Peters,5.033
Tye Sheridan,3.761
Alexandra Shipp,2.118
Kodi Smit-McPhee,1.4
Andréa Vawda,0.6
Scott Vickaryous,1.242
Dan Zachary,0.6
Hugh Jackman,9.822
Vishal Krishna,0.632
Keerthi Suresh,2.348
Rajkiran,1.025
Varalaxmi Sarathkumar,2.22
Kanja Karuppu,1.4
Sarath Kumar,0.6
Kabali Vishwanth,0.6
Arjai,1.4
Shanmugarajan,0.84
Lal,1.38
Hari Krishnan,0.98
Piraisoodan,0.6
G. Marimuthu,1.389
Joe Malloori,0.6
Mayilsamy,0.67
Kayal Devaraj,0.6
Radha Ravi,1.784
Tulasi,0.6
Rajesh,0.6
Yuvina Parthavi,0.828
Sivashankar Master,1.38
Ashwanth Thilak,0.6
Jayaditya Kang,0.6
Elyssa Erhardt,0.6
Andrea Jeremiah,0.74
Kishore,0.6
Aishwarya Rajesh,1.0
Pavel Navageethan,0.6
Vincent Asokan,0.6
Cheenu Mohan,0.6
Rajesh Sharma,0.6
Ragavendar,0.6
Janagaraj,1.4
Aadukalam Murugadoss,1.4
Adithya Bhaskar,1.708
Gouri G Kishan,0.6
Niyathi Kadambi,0.828
Kavithalaya Krishnan,0.6
Arvind Swamy,0.6
Silambarasan,2.828
Jyothika,0.618
Aditi Rao Hydari,0.709
Dayana Erappa,0.6
Thiagarajan,0.6
Jayasudha,0.6
Mansoor Ali Khan,0.6
Gowtham Sundararajan,0.6
Sugunthan,0.6
Sivakarthikeyan,1.073
Sriranjini,0.694
Rajendran,0.735
Charandeep,1.396
Swaminathan,0.728
Nadodigal Gopal,0.6
Saranya Ponvannan,0.6
Aranthangi Nisha,2.188
Jacqueline,0.6
Naveenkumar M.,0.6
Rajasthan,0.6
Kalanithimaran P.,0.6
Saravanan,0.6
Bijili Ramesh,0.6
R.S. Shivaji,0.6
Anbudhaasan,0.6
Priya Bhavani Shankar,1.22
Sathyaraj,0.6
Arthana Binu,0.6
Mounica,0.6
Yuvarani,0.98
Bhanupriya,0.694
Viji Chandrasekhar,0.857
John Vijay,0.6
Veera Samar,0.6
Shatru,0.6
Deepa Shankar,0.6
Indumathi Manigandan,0.6
Anushka Shetty,1.176
Jayaram,1.4
Asha Sarath,1.214
Unni Mukundan,0.84
Murali Sharma,0.98
Vidyullekha Raman,0.6
Dhanraj,0.98
Prabhas Sreenu,0.707
Pithamagan Mahadevan,2.17
Shivaji Raja,0.6
Ajay Ghosh,0.6
Kajal Agarwal,2.294
Nithya Menen,0.6
S. J. Surya,0.6
Vadivelu,1.4
Misha Ghoshal,0.6
Sangili Murugan,0.6
M.Kamaraj,0.6
Mamilla Shailaja Priya,0.84
Sathish,0.6
Aparna Vinod,0.6
Sija Rose,0.6
Vijayaraghavan,1.011
Malavika Avinash,1.527
Seema G Nair,1.614
Mithu Chakrabarty,0.6
Sneha,0.6
Vijay Vasanth,0.98
Balaji Patturaj,0.6
Vinodhini Vaidyanathan,2.164
Charle,0.612
Arul Dass,0.6
Madhusudhan Rao,0.6
Udhayabanu Mageswaran,0.6
Sharath Lohitashwa,0.6
Mahesh Manjrekar,0.6
Balaji Venugopal,0.6
Maya S. Krishnan,0.98
Muthu Raman,1.4
Saravana Subbiah,0.706
R. Madhavan,0.738
Achyuth Kumar,0.98
Amarendran Ramanan,0.84
E. Ramadoss,2.33
Abhimanyu Singh,0.6
Bose Venkat,0.6
Sonia Bose Venkat,0.98
Scarlett Mellish Wilson,0.6
Kajol,1.861
Amala Paul,1.166
Cell Murugan,0.6
Hrishikesh,0.6
Ritu Varma,1.38
Raiza Wilson,0.6
G. M. Kumar,1.0
Florent Pereira,0.652
Ritika Singh,0.98
VTV Ganesh,1.318
Urvashi,0.6
Pradeep Ram Singh Rawat,0.828
Sakthi Vasu,0.6
Madhuvanti Arun,1.4
Saara Deva,1.4
KPAC Lalitha,1.083
Vipin Sharma,0.6
Rukmini Vijayakumar,0.6
Harish Raj,0.6
Siddharth,0.6
Atul Kulkarni,0.833
Anisha Victor,1.4
Suresh,0.6
Prakash Belawadi,0.702
Prasanna,0.6
Anu Emmanuel,1.22
Vinay Rai,0.6
K. Bhagyaraj,0.6
Ajay Rathnam,0.652
Shaji Chen,0.6
Abhishek Shankar,1.4
Ravi Mariya,0.828
Nishesh,0.6
Shifai,0.6
Dheeraj Rathnam,0.6
Siddhanth Venkatesh,0.6
Ashvath,0.6
Ram Kumar,0.6
Madonna Sebastian,0.6
Vikranth,0.735
Pandiarajan,0.6
Jagan,0.6
Akashdeep Saigal,2.242
Krishnakumar Ramakumar,1.442
Darshana Rajendran,1.4
Chandhini Tamilarasan,0.6
Nassar,1.084
Powerstar Srinivasan,0.98
Jayam Ravi,0.839
Hansika Motwani,1.4
Akshara Gowda,0.6
Nagendra Prasad,0.6
Varun,0.98
Aathmika,0.6
Vijayalakshmi,0.6
Ma Ka Pa Anand,0.6
Shah Ra,0.6
Guhan Prakash,0.6
Jeff Bridges,6.975
Mary-Louise Parker,4.95
Kevin Bacon,7.48
Stephanie Szostak,3.92
Robert Knepper,6.961
James Hong,5.023
Marisa Miller,1.96
Mike O'Malley,1.865
Devin Ratray,2.929
Larry Joe Campbell,2.386
Michael Coons,0.6
Christina Everett,0.6
Michael Tow,0.968
Lonnie Farmer,0.6
Piper Mackenzie Harris,1.78
Ben Sloane,0.6
Duncan B. Putney,0.98
Bill Mootos,0.6
Kortney Adams,0.98
Michael Yebba,0.6
David J. Curtis,0.98
Cheryl McMahon,0.6
Georgia Lyman,0.6
Matt McColm,0.676
Catherine Kresge,1.565
John Burke,0.6
Joe Stapleton,0.6
Michael Steven Costello,0.6
Naheem Garcia,1.116
Lance Greene,0.6
Tobias Segal,1.54
Mike Judge,1.416
Toby Huss,1.89
Jon Olson,0.6
Chris Whitney,0.6
Emmalyn Anderson,0.6
Alexandra Creteau,0.838
J. Jewels,0.6
Jim Ford,0.6
John Franchi,0.8
Ronald Boone,0.6
Rahman,0.84
Anjana Jayaprakash,1.4
Yashika Anand,2.678
Prakash Vijayaraghavan,0.6
Ashwin Kumar,0.98
Amy Jackson,1.043
Prabhu Ganesan,0.989
Radhika Sarathkumar,1.4
N. Azhagamperumal,0.6
Kalyani Natarajan,1.137
Sunaina,1.96
Nainika,0.6
Bineesh Bastin,0.6
Aayira,1.4
R. S. Chelladurai,0.6
Raveena Ravi,1.4
Winston Chao,1.051
Radhika Apte,0.98
Dinesh Ravi,0.6
Sai Dhanshika,0.84
Rosyam Nor,0.98
Riythvika,0.6
Lingesh,0.6
Charles Vinoth,0.6
Sampath Ram,0.98
Poster Nandakumar,0.6
Norman Hakim,0.6
Soundarya Bala Nandakumar,0.6
Mohan Raman,0.6
Girish Karnad,0.6
Ajay,0.84
Appukutty,0.6
Harshavardhan,0.6
Karunakaran,0.6
Avinash,0.6
Anuradha,0.6
Sachu,0.6
Supergood Subramani,0.875
Pragathi,0.6
Prashanth Thyagarajan,0.84
Sonu Sood,0.6
Kota Srinivasa Rao,1.4
Rao Ramesh,0.6
Brahmaji,1.4
Madhan Bob,0.6
Riyaz Khan,0.6
Sheetal Menon,0.84
Leema Babu,1.96
Nargis Fakhri,0.6
Amanda Rosario,0.6
Sri Divya,0.6
R. K. Suresh,0.6
Vishnu Vishal,1.4
Kumki Ashwin,2.37
Nikesh Ram,0.6
Reshma Pasupuleti,0.6
Bava Lakshmanan,1.4
Vittal,0.6
Sanjana Singh,0.98
Shruti Haasan,0.6
Sridevi,1.872
Sudeep,1.269
Vijayakumar,0.98
Nandita Swetha,1.032
Karunas,0.923
Imman Annachi,0.6
Jasper,0.6
Raveena,0.6
Vamsi Krishna,0.6
Ganesh Venkatraman,0.6
Sricharan,0.6
Rahul Madhav,0.6
Mugdha Godse,0.6
Abhinaya,0.6
Anil Murali,0.98
Saiju Kurup,0.656
Junior Balaiah,0.6
Maha Gandhi,0.6
Parvatii Nair,0.6
Amit Bhargav,0.98
Ashish Vidhyarthi,1.558
Raja Simman,1.4
Aditi Balan,0.98
George Vishnu,0.98
Lakshmi Menon,1.095
Ashwin Kakumanu,0.6
Rahul Dev,1.4
Aniket Chouhan,0.6
Balasaravanan,0.6
Parthiban,0.6
Meenakshi,0.6
Pandian,0.6
Surya Vijay Sethupathi,0.6
Charmy Kaur,1.383
Sunil Thapa,0.6
Sam Anderson,0.6
Sampoornesh Babu,0.6
Seetha,1.27
Adith Arun,0.6
Shan,0.6
Srushti Dange,0.699
Pranitha Subhash,0.6
Premji Amaran,0.6
Sanjay Bharathi,0.6
Brahmanandam,1.74
Daniel Annie Pope,0.6
Badava Gopi,0.652
Ramya Subramanian,0.6
Shanmugasundaram,0.6
Aravind Akash,0.6
Ashok Selvan,0.6
Janani Iyer,0.6
Rajan,0.6
Sai Prashanth,0.6
Rekha Suresh,0.6
Shalu,0.6
Asritha,0.6
Jayakumar,0.84
Pradeep K Vijayan,0.6
Ambika,0.6
Jigarthanda Senthil,0.6
Tiger Thangadurai,0.6
Surbhi,0.6
Amitash Pradhan,0.6
Harshvardhan Rane,1.425
Vinay Varma,2.916
Sonakshi Sinha,0.98
Santhanam,0.6
Dev Gill,0.6
Anu Mohan,0.6
Lauren J. Irwin,0.6
William Orendorff,0.6
Crane Manohar,2.112
Vasu Vikram,0.6
Rajkamal,0.6
Malavika Nair,0.6
Raai Laxmi,0.84
Nithin Sathya,0.6
Chitra Lakshmanan,1.036
Kadhal Thandapani,0.6
Ganeshkar,0.6
Iniya,0.6
Sunder Ramu,0.632
Pyramid Natarajan,3.304
Rishi,0.6
Seenu,0.6
V. I. S. Jayapalan,0.6
Aksha Pardasany,1.4
Azam Sheriff,0.6
P. V. Chandramouli,0.6
Sushmitha,0.6
Priya Asmitha,0.6
Prithviraj Sukumaran,0.652
Anaika Soti,1.4
Babu Antony,0.98
Singampuli,1.38
Kuyili,0.6
Karikalan,0.6
Kottachi,0.62
Ishara Nair,0.6
Dharani Vasudevan,0.6
Sathurangavettai Valavan,0.6
Naga,0.6
Prayaga Martin,0.6
Kani Kusruti,0.828
Rajkumar Pitchumani,0.6
Nimmy Raphael,0.6
Siddhanth,0.6
Samarth,0.6
A. Dinesh Kumar,0.6
Amudhan,0.6
Vincent Arul,0.6
Nani,0.737
Vaani Kapoor,1.4
Karthik Nagarajan,0.6
M. J. Sriram,0.6
Muruganji,0.6
Sreejith Ravi,1.22
P. Gopalakrishnan,0.828
Virumandi,0.6
Jenish,0.6
Anju Prabhakar,1.725
Theni Mahalakshmi,0.6
Vaigai Siva Vijay,0.6
Priya Anand,0.84
Suza Kumar,0.6
David Bowie,1.19
Tony Visconti,0.6
Nile Rodgers,1.578
Robert Fripp,0.652
Gautham Karthik,0.98
Thulasi Nair,0.6
Arjun Sarja,0.606
Lakshmi Manchu,0.6
Swathi Reddy,0.828
Pattimandram Raja,0.828
Sanchita Shetty,0.779
Anjali Rao,0.6
Venkatesh Harinathan,0.6
Padma Raman,0.6
Ashok Kumar,0.6
Yashmith,0.6
Suzane George,0.611
Vinod Sagar,0.98
Frank Mayo,0.6
Doris Deane,0.6
Herbert Fortier,0.6
Oliver Cross,0.6
May Collins,0.6
Sadha,1.38
Cochin Haneefa,1.708
Kalabhavan Mani,0.828
Saurabh Shukla,1.547
Shanthi Williams,0.612
R. Neelakantan,0.6
Vatsala Rajagopal,0.6
Mohan Vaidya,0.6
Hari Prashanth,0.6
Citizen Mani,0.6
Yana Gupta,0.6
Kaniha,0.725
S. N. Surendar,0.6
Harish Kalyan,1.0
Akalya Venkatesan,0.98
Ravindra Vijay,0.6
Lallu Prasath,0.6
Vikram Prabhu,1.4
Mahima Nambiar,0.694
Subbaraju,0.6
Elango Kumaravel,1.4
Risha,0.6
Boys Rajan,0.6
Sivakumar,0.6
Robo Chandru,0.6
Kasturi Shankar,1.734
Madhan Kumar Dhakshinamoorthy,0.6
Jiiva,0.62
Natasha Singh,0.6
Sunny Wayne,0.6
Susheela Raman,0.6
Mathew Varghese,0.6
Dipshi Blessy,0.6
Arul D. Shankar,0.84
Lakshmi Ramakrishnan,1.901
Kitty,0.6
Pradeep Kottayam,0.98
Sudheesh,1.4
Naga Chaitanya Akkineni,0.98
Subbalakshmi,1.4
Genelia D'Souza,1.55
Jayaprakash Reddy,0.6
Charu Haasan,0.6
Srinath,0.6
Pandu,0.6
Rajyalakshmi,0.6
Nithya,0.84
Aarthi,0.6
Shriya Saran,0.84
Taapsee Pannu,1.96
Meenal,0.6
Periya Karuppu Thevar,0.98
Mouli,0.6
Varnika,0.6
Ranjitha,0.6
Manoj K Jayan,0.6
Adithya Menon,0.84
Geetha,1.294
Raj Kapoor,0.6
Dhamu,0.6
T. P. Gajendran,1.02
Mumaith Khan,1.434
Khushboo,1.96
Prabhu Deva,0.728
Neetu Chandra,0.98
Sachin Khedekar,0.98
Ravi Babu,0.6
Sanjaih Bokaria,0.6
Amitha Rajan,1.905
Poonam Dhillon,1.518
Dhritiman Chatterjee,0.6
Deepak Dobriyal,0.6
Sampath Raj,0.766
Rachana Maurya,0.6
Suhasini Mulay,0.98
Vinay Jain,0.6
Meera Vasudevan,0.6
S. N. Vasanth,2.486
Navdeep,0.6
Sameksha Singh,0.6
Yoge Jappie,1.4
Renuka Menon,0.6
Akshaya,0.98
Vanitha Krishnachandran,0.6
Gvanantham,0.6
Pooja Umashankar,0.6
Azhagan Thamizhmani,0.98
Aacharya Ravi,0.6
Rasaiya Kannan,0.98
Thavasi,1.4
Krishna Kulasekaran,0.6
Deepa Sannidhi,0.6
Adil Hussain,0.98
Abitha,0.6
Rasheed Ummer,0.6
Lavanya,0.833
Jyothi Lakshmi,0.6
Rajashree,1.38
Laila,1.4
Deepa Venkat,0.6
Kaveri,0.6
Kavya Madhavan,0.84
Manivannan,0.772
Vinu Chakravarthy,1.4
Rajeev,0.6
Vagai Chandrasekar,1.135
Vadivukarasi,0.6
Aishwarya,0.829
Jaya Seal,1.4
Anupam Shyam,0.6
Piyush Mishra,0.828
Kollam Thulasi,0.6
Sriya Reddy,0.6
Bindu Panicker,1.4
Anita Hassanandani,0.6
Matthew Broderick,2.317
James Earl Jones,5.318
Jeremy Irons,3.374
Rowan Atkinson,6.213
Niketa Calame,0.6
Jim Cummings,3.241
Whoopi Goldberg,4.923
Robert Guillaume,1.26
Moira Kelly,2.128
Nathan Lane,2.544
Zoe Leader,0.6
Cheech Marin,3.57
Ernie Sabella,1.553
Madge Sinclair,0.708
Jonathan Taylor Thomas,1.344
Frank Welker,10.72
Cathy Cavadini,0.761
Judi M. Durand,0.631
Daamen J. Krall,1.258
David McCharen,0.62
Mary Linda Phillips,0.6
Phil Proctor,1.347
David J. Randolph,0.6
Sally Dworsky,0.6
Evan Saucedo,0.6
Brian Tochi,3.006
Jason Weaver,1.708
Joseph Williams,0.6
Laura Williams,0.6
Anu Prabhakar,0.6
Biju Menon,1.4
Murali,0.6
Sindhu Tolani,0.6
Shamili,0.6
Swetha,0.6
Baby Sathanya,0.6
Andreanne Nouyrigat,0.6
Manisha Shree,0.6
Shanthanu Bhagyaraj,0.6
R. Sarathkumar,0.6
Nandha,0.6
Chaya Singh,0.84
Manikka Vinayagam,0.6
Meghna Nair,0.6
Kambar Jayaraman,2.75
Aparna Pillai,0.6
Mayoori,0.6
Tharika,0.6
Diya,0.6
Parul Yadav,1.094
Kaajal Pasupathi,1.4
Ramji,0.6
Poovilangu Mohan,0.6
Karthik Sabesh,0.6
Aryan,0.6
Roberto Benigni,2.162
Nicoletta Braschi,0.607
Giorgio Cantarini,1.4
Giustino Durano,1.601
Amerigo Fontani,0.6
Sergio Bini Bustric,1.15
Lidia Alfonsi,0.6
Horst Buchholz,1.276
Pietro De Silva,0.84
Marisa Paredes,0.848
Giuliana Lojodice,0.6
Francesco Guzzo,0.728
Adelaide Alaïs,0.6
Verena Buratti,0.6
Hannes Hellmann,1.22
Wolfgang Hillinger,0.98
Antonio Prester,0.98
Gina Rovere,1.166
Laura Susanne Ruedeberg,0.6
Richard Sammel,1.4
Andrea Tidona,0.612
Omero Antonutti,1.007
Poonam Bajwa,1.4
Saikumar,1.539
Rajan P Dev,0.6
Ravi Kale,0.665
Chaitanya Krishna,0.6
Nandha Saravanan,0.6
Mumtaj,0.6
Kamna Jethmalani,0.6
Snigdha Akolkar,1.38
Neelima Rani,0.6
Paravai Muniyamma,0.6
Yugendran,0.6
Chetan,0.6
Raghuvaran,0.833
Divya Spandana,0.6
Manorama,1.4
Mahat Raghavendra,0.656
Sana Khaan,0.6
Lollu Sabha Manohar,0.98
Singamuthu,0.6
Nellai Siva,0.732
Sanjjanaa Galrani,0.6
Arpitha,0.6
Antony,0.6
Gayathri Krishna,0.6
Abu Valayankulam,0.6
Anthony Vaathiyaar,0.6
Thevaram Sornam,0.98
Arumugam Bala,1.902
Kodangipatti Mokkathayi,0.6
Pallavarayanpatti Pandi,0.6
Vanaraj,0.6
Master Smith,0.6
Gopichand,0.98
Senthil,1.4
Shakeela,1.411
Poornitha,0.6
Reshmi Menon,1.4
Suman Shetty,0.6
Bharath Srinivasan,0.6
Sapan Saran,0.6
Ravichandran,0.6
Lollu Sabha Jeeva,0.98
Ashna Zaveri,0.98
Akhila Kishore,0.982
Nikeesha Patel,0.6
Suman Talwar,0.615
Azhagu,1.413
Sana Makbul,0.6
Anand,0.6
Sonarika Bhadoria,1.22
Ashrita Shetty,1.094
Sudhanshu Pandey,0.6
Nagendra Babu,0.629
Rajveer Ankur Singh,0.6
Amit,0.6
Niharika Konidela,0.6
Nivetha Thomas,0.88
Allari Naresh,0.608
Vasundhara Kashyap,1.4
Sandra Amy,0.6
Inigo Prabhakaran,0.968
Rama Prabha,0.728
Ravi Krishna,0.6
Yasmin Ponnappa,0.6
Rambo Rajkumar,0.648
Ajay Raj,0.67
Aishwarya Rai Bachchan,2.318
Revathi,0.98
Gautami Tadimalla,1.38
Tabu,1.589
Kaaka Radhakrishnan,0.6
Major Sundarrajan,1.4
Kalpana Iyer,0.6
S. N. Lakshmi,0.98
Sujitha,0.656
Monica,0.6
Madhoo,2.084
C. K. Saraswathi,2.72
P. L. Narayana,0.6
Suresh Chandra Menon,0.6
Sudhakar,0.6
Meera Mitun,0.6
Shiva,0.6
Iswarya Menon,0.6
Disha Pandey,0.6
O. A. K. Sundar,0.6
Tovino Thomas,0.6
Kalloori Vinoth,0.6
Master Raghavan,0.6
Nivetha Pethuraj,1.4
Aaron Aziz,1.4
Arjunan Nandakumar,0.6
Aarav Ravi,0.6
Jai Sampath,1.22
Catherine Tresa,0.6
Vichu Vishwanath,0.6
Thalapathi Dinesh,1.048
Mia George,0.6
Suja Varunee,0.73
Super Subbarayan,0.6
Rajalingam,0.6
Abhirami Gopikumar,1.4
Amritha Anilkumar,0.6
Siddhartha Basu,0.6
Mukesh Tiwari,0.6
Prathap Pothan,0.84
Pandi,0.6
Kausalya,1.388
Sithara,1.22
Janaki Sabesh,0.6
Madhumila,1.38
Nirosha,0.98
Kiran Rathod,1.082
Rajeev Pillai,1.38
Nyra Banerjee,0.6
Madhavi Latha,0.6
Advaitha,0.6
Yaar Kannan,0.652
Mammootty,1.579
Sadhana,0.6
Anjali,1.001
Anjali Ameer,0.6
Lizzie Antony,0.6
'Poo' Ram,0.6
Siddique,0.6
Suraj Venjaramoodu,1.3
Vani Bhojan,0.6
Seema,1.62
Ananth Vaidyanathan,0.6
J. K. Rithesh,0.6
Nanjil Sampath,1.4
Ramkumar Ganesan,1.4
Anandhi,0.6
Lijeesh,0.6
Karate Venkatesan,0.6
Alva Vasu,1.38
Dhaya Senthil,0.98
Cheran Raj,0.6
Pradheesh Raj,0.6
Silambarasan Rathnasamy,0.6
Aadhesh,0.6
Pasupathiraj,0.6
Madurai Mohan,0.6
Master J. Rahul,0.6
Vijayamuthu,0.6
Kovai Uma,0.6
Kambam Meena,0.6
Pulipandi,0.6
Winner Ramachandran,0.6
Vimal,0.84
Subbu Panchu,0.6
V. S. Raghavan,1.5
Master Vignesh,0.6
Master Ramesh,0.6
Nivas Adithan,0.6
Ramya Pandian,0.6
Bala Murugan,0.6
Shwetha Shekar,0.6
Lakshmi Gopalaswamy,0.828
Mohammad Ali Baig,0.6
Kavitha Bharathi,0.6
Aruvi Bala,0.6
Shaam,0.6
Karthika Nair,0.6
Aashritha,0.6
G. M. Sundar,0.608
Rindhu Ravi,0.6
Kamalinee Mukherjee,0.6
Pooja Devariya,0.828
Aravindh,0.6
Shalu Shammu,0.6
Tanya Ravichandran,1.914
Linga,0.6
Sridhar,0.6
Vijaya Patti,0.6
Neha Sharma,0.6
Vinoth Munna,0.6
KPY Bala,0.6
Chaplin Balu,0.6
Raashi Khanna,1.4
Ashutosh Rana,1.4
Ravi Kishan,0.6
Rani,1.4
Thiyagu,0.6
Omakuchi Narasimhan,1.495
Gemini Ganesan,0.6
P. S. Sridhar,0.6
Koena Mitra,1.4
Reema Sen,0.652
Priyanka Upendra,0.6
M. N. Nambiar,0.6
Nalini,0.84
C. R. Vijayakumari,1.469
Kovai Babu,0.6
Alphonsa,0.6
Vaishnavi,0.6
Ponnambalam,0.6
Sumithra,0.6
Benjamin,0.6
Sangeetha Krish,1.708
Sarath Babu,0.6
Deeksha Seth,0.6
Sana,1.4
Chaams,0.6
Narsing Yadav,0.6
Saloni Aswani,0.618
Priyamani,0.6
Thanjai Mahendran,1.38
Raviprakash,0.6
Vinoth Kishan,1.566
Priya Atlee,0.6
Bhumika Chawla,0.6
Megha Nair,0.6
Rajiv Kanakala,0.98
Supreet,0.6
Amit Kumar Tiwari,0.6
Bhanuchander,0.608
Meghna Naidu,0.6
Ramki,0.84
Madhumitha,1.383
Mandy Takhar,0.6
Uma Riyaz Khan,0.648
Vijayalakshmi Agathiyan,0.6
Ravikanth,0.98
Haanii Shivraj,0.98
Leena Maria Paul,1.163
Sangeetha Gopal,0.6
Mithun Maheshwaran,0.6
Nikhila Vimal,1.165
Sowcar Janaki,1.4
Anson Paul,0.6
Semmalar Annam,0.62
Bala,0.6
Padmapriya Janakiraman,0.616
Sandhya,0.6
Sanghavi,0.828
Easwari Rao,1.4
Tejashree,0.6
Prudhviraj,0.6
Karthik Kumar,0.6
Saranya Mohan,0.6
Sukumari,0.961
Ragasiya,0.6
Dr. Sharmila,0.652
Bonda Mani,0.6
Karate Raja,0.6
Suruli Manohar,0.6
Ennatha Kannaiya,1.094
Sashi Kumar,0.6
Richa Gangopadhyay,1.38
Mathivanan Rajendran,0.6
Soni Barring,0.6
Rajiv Choudhry,0.6
Dhivyadharshini,0.6
Bharathi Kannan,0.6
Kalyan Ram,0.652
Shruti Sodhi,0.6
Sai Kumar,0.98
M. S. Narayana,0.6
Posani Krishna Murali,0.694
Srinivasa Reddy,1.128
Jhansi,0.6
Praveen,0.631
Raghu Karumanchi,0.6
Pavitra Lokesh,1.4
Y. Kasi Viswanath,0.6
Madhunandan,0.6
Nellore Sudharshan,0.84
Athmeeya Rajan,0.6
Venniradai Moorthy,1.22
Harish Siva,0.6
Harija,0.6
Archana,0.6
Sheela Rajkumar,1.4
Arundhathi Nair,0.6
Abhay Deol,1.736
Kalyani Priyadarshan,0.694
Ivana,0.6
Ray Paul,0.6
Sharath Ravi,0.6
Senthil Kumar,0.6
Rajakumaran,0.6
Abhinay,0.6
Sethu,0.6
Vishakha Singh,0.764
Nushrratt Bharuccha,1.4
Anchal Singh,0.6
Chavi Sharma,0.6
Baby Swaksha,0.6
Vaibhavi Shandilya,0.6
Shritha Sivadas,0.6
Bipin,0.6
Tara Alisha Berry,0.692
Yatin Karyekar,0.6
Manohar,0.6
Rittika Sen,0.6
Bhawan,0.6
Vinayakan,0.6
Madhu Shalini,0.84
R. K.,0.6
Sameera Reddy,0.652
Poonam Kaur,0.6
Sophie Choudry,0.6
Aishwarya Dutta,0.6
Sreeja Ravi,0.6
Manoj Kumar,0.6
Nikita Thukral,0.6
Rahul Thatha,2.754
Sivaji Ganesan,0.6
B. Saroja Devi,0.855
Shalini,0.6
Srividya,2.947
Beena Banerjee,0.984
Besant Ravi,1.38
Shilpa Shetty,0.766
Radhika Chaudhari,0.6
Shaheen Khan,0.6
Sindhu Menon,0.84
Bosskey,0.6
Fathima Babu,1.422
Muthukalai,0.6
Sathyapriya,0.6
Shyam Ganesh,0.6
Nancy Jennifer,0.624
Tanikella Bharani,0.615
Vinod Raj,0.6
T. K. Kala,1.308
Maran,0.98
Pondy Ravi,0.6
Scisor Manogar,0.6
Rakshita,0.98
A. V. Ramanan,0.6
Mallika,0.6
Vijayan,0.6
M. N. Rajam,0.6
Kumarimuthu,0.6
Bipasha Basu,2.588
Mohan Sharma,0.6
Linda Arsenio,0.6
Venba,1.4
Sneha Nambiar,1.094
Devan,0.709
Amritha,0.6
Brinda Parekh,0.6
Master Bharath,1.38
G. V. Sudhakar Naidu,0.6
King Kong,0.6
Mousumi Saha,0.6
Japan Kumar,0.6
Namitha,0.6
Niveditha Vijayan,0.6
Vidharth,0.6
Malavika,0.765
Roja Selvamani,1.564
Mithra Kurian,0.98
Yuvasri,0.6
Guinness Pakru,1.4
Radha Bai,0.6
Devipriya,0.6
Indhu,0.98
Jai Ganesh,0.6
Suchindra,0.6
Soumya,0.6
Sethu Vinayagam,1.38
Mahendran,0.6
Abbas,0.6
Pooja Batra,1.003
Dino Morea,2.007
Anita Ratnam,0.6
N. Mathrubootham,0.6
Vasundhara Das,0.6
Meena,1.757
Nagma,1.094
Vimalraj Ganesan,0.6
Avneesh Parekh,0.6
T. Balasubramaniam,0.6
Hazel Keech,0.6
Piaa Bajpai,0.6
Suhasini Maniratnam,0.6
Gajala,1.38
Kunal Shah,0.6
Sree Raam,0.6
Anuya Bhagvath,0.98
Anand Sami,0.6
J. D. Chakravarthi,0.6
Priyanka Kothari,1.033
Honey Rose,0.6
Ajmal Ameer,0.6
Sona Heiden,0.6
Anuja Iyer,0.6
Gadam Kishan,0.98
Rima Kallingal,1.052
Hemanth Menon,0.6
Pooja Hegde,2.43
Selva,0.6
Krishna Kumar,0.6
Aadithya,0.6
Darshan,0.6
Ravi Raghavendra,0.652
Dhanya Balakrishna,0.98
Nawab Shah,1.4
Gobinath Chandran,0.6
Sonu Gowda,0.6
Raasi,1.382
Govind Padmasoorya,0.6
Rajendra Prasad,0.982
Kishore Rajkumar,0.6
Sindhu Shyam,1.4
Swathishta Krishnan,1.4
Shalini Pandey,0.694
Riya Suman,0.84
Indrajith Sukumaran,0.652
Anu Hasan,1.4
Lisa Lazarus,1.4
Alexx O'Nell,0.656
Carole Trungmar,0.6
M.R. Kishore Kumar,0.6
Omar Lateef,0.6
N.L. Srinivasan,0.6
'Jeeva' Ravi,0.6
Muktha George,0.6
Brindha Das,0.6
Sonal Chauhan,0.98
Nagarjuna Akkineni,1.052
Adivi Sesh,1.015
Ali,1.4
Gollapudi Maruti Rao,0.98
Rana Daggubati,0.685
Angela Krislinzki,0.6
Pavani Gangireddy,0.98
Deepraj Rana,0.6
Mukul Dev,0.6
Dheepa Ramanujam,1.554
Shamitha,0.6
Ranjith,0.6
Charmila,0.6
Lekha Washington,0.6
Monal Gajjar,1.094
Erode Mahesh,0.6
Kavya Shetty,0.728
Gayathri Raguram,1.4
Ranya Rao,0.98
Bindu Madhavi,1.4
Atharvaa Murali,1.585
Alex,1.4
Kyra Dutt,0.652
Udhay Karthik,0.6
Kalpana Shree,0.6
Johnny Trí Nguyễn,1.62
Alisha Abdullah,0.6
Joshna,0.6
N. Ilambharathi,0.6
Santhakumar,0.6
Thirumurugan,0.6
Aadhira Pandilakshmi,0.614
Mishti Chakravarty,1.094
Iti Acharya,0.6
Raja Elangovan,0.6
Upen Patel,0.6
Mahesh,0.6
Vijay Kumar,0.6
Kannan,0.6
Vijay Varadharaj,0.6
Raj Aiyyappa,0.6
Divya Ajay Kumar,0.6
M. Praneshvar,0.6
Baskar,0.6
Sathya,0.6
Shridhar,0.6
Anagha L. K.,0.6
Ashwin Jerome,0.6
Chutti Aravind,0.6
Raj Mohan,0.6
Prithvi Pandiarajan,0.987
Manoj Bharathiraja,0.84
Goundamani,1.4
Poornima Bhagyaraj,0.6
Ankitha Mohapatra,0.6
Skanda Ashok,1.094
Aari Arjuna,0.607
Bharani,0.98
Ananya,0.6
Shantini Deva,0.6
Prabha,0.6
L. Raja,0.6
Lavanya Tripathi,0.6
Naveen Chandra,0.6
Malavika Menon,0.6
Sanusha Santhosh,1.386
Vasumithra,0.6
Athulya Ravi,1.38
Vikram Anand,0.6
Siddharth Venugopal,0.771
Rupa Manjari,0.6
Vijay Victor Jesudoss,0.6
Vibha Natarajan,1.38
Krishnamurthy,0.6
Pramod,0.6
Sushma Raj,0.679
Shiny,0.6
Ambani Shankar,0.6
Munish Raja,0.6
Pei Krishnan,0.6
Maayi Sundar,0.6
Seshu,0.6
Shilpa Manjunath,1.4
Ashima Narwal,0.6
Sherin Shringar,0.98
Pooja Ramachandran,1.38
Angana Roy,1.4
Mohan Agashe,0.6
Arun,0.6
Manjima Mohan,1.389
Namitha Pramod,0.6
Maala Parvathi,1.38
Bineesh Kodiyeri,0.6
Lakshman Narayan,0.6
Sanyathara,0.6
Anjali Varadarajan,0.6
Monica Chinnakotla,1.4
P. Ravi Shankar,0.6
Kavin Raj,0.6
K. Natraj,0.98
Durga,0.6
Regina Cassandra,1.108
Mounika,0.6
Gabrella,0.6
Sai Karthick,0.6
Sri Latha,0.6
Dr. Vidhya Borgia,0.6
Baby Diya,0.6
Dhileban,0.6
Arputhan Vijay,0.6
Gayatri Rema,0.828
S. S. Rajendran,0.6
Poochi Senthil,0.6
Mandira Bedi,1.42
Arzoo Govitrikar,0.6
S.Ve. Sekar,0.6
Sulile Kumar,0.6
Meera Chopra,0.828
Raaghav,0.98
Antara Biswas,2.588
Lollu Sabha Balaji,0.6
Jithan Ramesh,0.6
John Kokken,0.6
Shobana,1.96
Samarth Suraj,0.6
Meena Latchman,0.6
Karan,0.6
Shanthi Krishna,0.6
Ragasudha,0.6
Vijaya Chandrika,0.98
Maadhu Balaji,0.6
Kavitha,1.38
Pasi Sathya,1.048
Devayani,1.556
Abhinaya Sri,0.6
Saritha,0.6
A. R. Srinivasan,0.6
Sheela Kaur,1.4
Pallavi,1.4
Neha Pendse,0.6
Jeevan,0.6
Meera Jasmine,0.6
Esha Deol,0.6
Ejji K. Umamahesh,0.6
Suchitra Karthik Kumar,0.6
Lakshmi,0.6
Charan Raj,0.6
Krishna Moorthy A,0.6
Vivek Oberoi,1.4
Shatrughan Sinha,0.98
Ajaz Khan,0.98
Zarina Wahab,0.6
Subrat Dutta,1.396
Vishwajeet Pradhan,1.38
Sushmita Mukherjee,0.6
Subhalekha Sudhakar,0.6
Nakul,0.98
Solomon Pappaiah,0.6
Subhashini,0.98
Manikandan,0.6
Sindhuri,0.6
Bhuvaneswari,0.6
Delhi Kumar,0.6
A. C. Murali Mohan,0.6
Suryakanth,1.38
Rathi Arumugam,1.529
Kay Kay Menon,0.6
Vettri,0.6
Lijomol Jose,0.6
Kashmira Pardesi,0.6
Prem Kumar,0.6
Nakkalites Dhanam,0.6
Arulnithi,0.6
Remya Nambeesan,1.003
A. Arunachalam,0.6
Manisha Yadav,0.69
Yugi Sethu,0.884
Baby Rakshana,0.6
Shariq Hassan,0.62
Arunraja Kamaraj,0.6
Kriti Kharbanda,0.732
Aparna Balamurali,0.98
Vineeth Radhakrishnan,1.36
Shanta Dhananjayan,0.6
Sumesh,0.6
Karthik,0.6
Krish Haran,0.6
Sikkil Gurucharan,0.6
Palak Lalwani,0.6
Jayachitra,0.6
Salim Ghouse,0.6
Jyothirmayi,0.98
Richa Pallod,0.6
Bhavana,1.38
Kirat Bhattal,0.989
Sadagoppan Ramesh,0.6
Satya Krishnan,0.652
Kangana Ranaut,1.856
Mariya Kozhevnikova,1.4
Saranya Nag ,1.38
Roland Kickinger,0.6
Varsha Ashwathi,0.6
Liyasree,0.98
Trotsky Marudu,0.6
Chandra Lakshman,0.6
Latha Rao,0.98
Karl E. Landler,0.6
Manoj Pahwa,0.6
Marion Arnaud,0.6
Sudha Chandran,0.6
Manel Soler,0.6
Sakshi Shivananda,0.6
Ragini Dwivedi,0.6
Ahuti Prasad,0.6
Andrea,0.6
Angela,0.6
Nathan Jones,3.816
Arpit Ranka,0.6
Samyuktha Hegde,0.6
Kavita Radheshyam,0.6
Praveena,0.611
Maya,0.6
Masoom Shankar,0.6
Latha Sethupathi,1.015
Abhilash,0.6
Siva Balan,0.6
Sonam Singh,0.6
Soundarya,0.98
Preetha Vijayakumar,1.032
Kovai Senthil,1.4
Manisha Koirala,1.38
Amrish Puri,1.298
Sujatha,0.603
N. Viswanathan,0.6
Santhoshi,0.6
Sunil Shetty,2.402
Prateik Babbar,0.6
Dalip Tahil,0.6
Jatin Sarna,1.4
Manasvi Kottachi,0.691
Mirabel Stuart,0.6
Jayabharathi,1.4
Subhashri,0.631
Vichitra,0.6
Prabhakar,0.6
Ganthimathi,0.98
Harikumar,0.6
Shashikumar,0.6
Yuvan Shankar Raja,0.6
Arun Seenu,0.6
Tapas Nayak,0.6
M. Kumaraguruparan,0.6
A. R. Rahman,0.6
Chinmayi Sripaada,0.6
Shashaa Tirupati,0.6
Sam C S,0.6
L. V. Revanth,0.6
M. Ghibran,0.6
G. V. Prakash Kumar,0.6
Teejay,0.6
Velmurugan,0.6
Harris Jayaraj,0.694
Jonita Gandhi,0.6
Javed Ali,0.6
Nikhita Gandhi,0.6
Kharesma Ravichandran,0.6
Darshana KT,0.6
Leslie Lewis,0.6
Shabir,0.6
Sid Sriram,0.6
Jithin Raj,0.6
Shreya Ghoshal,0.6
K. G. Ranjith,0.6
S. Thaman,0.6
Saravedi Saran,1.38
Neha Venugopal,0.6
Diwakar,1.38
Jesse Samuel,0.6
Renjith Unni,0.6
Anand Krishnamoorthi,0.98
Sundaramurthy K. S.,0.6
Varun Venkataraman,0.6
Udhaya Kumar,0.6
S. Alagiakoothan,0.6
Karun Prasad,0.6
Renjith Venugopal,0.6
Arun Raj,0.6
G. Suren,0.6
S Azhagiya Koothan,0.6
Anirudh Ravichander,0.6
Kunal Rajan,0.6
Anthony Daasan,0.6
Nakul Abhyankar,0.6
D. Imman,0.6
T. Udayakumar,0.6
Himesh Reshammiya,0.615
Devi Sri Prasad,0.6
Sadhana Sargam,0.6
Mahalakshmi Iyer,0.6
Hariharan,0.6
Pop Shalini,0.6
Tyler Bates,1.22
Mark P. Stoeckinger,0.6
Tim Gomillion,0.648
David Grimaldi,0.6
Paul Massey,0.6
Chuck Michael,0.6
Mark Noda,1.38
Sean Massey,0.6
Ted Caplan,0.6
Ronald Eng,0.608
Martyn Zub,0.6
John Houlihan,0.6
John Morris,0.6
Donald D. Brown,0.6
Allen Yang,0.6
Allister Mann,0.6
Drew Krassowski,0.6
Kailash Kher,0.6
V. M. Mahalingam,0.6
AS Laxmi Narayanan,0.6
Santhosh Narayanan,0.6
Dhee,1.4
Govindh Vasantha,0.6
Pradeep Kumar,0.6
Kalyani Menon,0.6
S. Sivakumar,0.6
Kavitha Gopi,0.6
Sean Roldan,0.6
Vijay Yesudas,1.116
Hari Haran,0.6
Sachin Sudhakaran,0.6
Balakesavan Shanmugam,0.6
K C Sidharthan,0.608
M J Raju,0.6
Shakthisree Gopalan,1.4
M. R. Rajakrishnan,0.6
Arun S Mani,0.6
P. C. Vishnu,0.6
Durga Chiranjeevi,0.6
Girishh Gopalakrishnan,0.6
Vijay Rathinam,0.6
Vishnu Govind,0.6
Sree Sankar,0.6
A M Rahmathulla,0.6
Arrol Corelli,0.6
HipHop Tamizha Adhi,0.766
HipHop Tamizha Jeeva,0.766
Padmalatha,0.6
Georgina Mathew,0.6
Jyoti Nooran,0.6
Christophe Beck,0.856
George Doering,0.98
Jennifer Nash,0.98
Brent Brooks,0.6
Matt Fausak,0.6
Tim Davies,0.6
M.B. Gordy,0.6
Andrew Shulman,0.6
Jakes Bejoy,0.6
Deva,0.6
Vaikom Vijayalakshmi,0.6
Saindhavi Prakash,0.6
Bombay Jayashri,0.6
Neeti Mohan,0.6
Sonu Kakkar,0.6
Uthara Unnikrishnan,0.6
Gaana Bala,0.6
Anthony Ruban,0.6
Dhanush Nayanar,0.6
Shyam Sundar Sengupta,0.6
Shweta Mohan,0.6
Ananthu,0.6
Roshan Jamrock,0.6
Kalyani Nair,0.6
Niranjana Ramanan,0.6
Vandana Srinivasan,0.6
Saisharan,0.6
C. Sathya,0.6
Dwarak Warrier,0.6
Sankaran,0.6
Diluxshan,0.6
Badshah,1.38
Nivas Prasanna,0.6
Rita Thyagarajan,0.6
Meenakshi Iyer,0.6
M.M. Keeravaani,0.6
Mano,0.6
S. P. Balasubramaniam,1.4
Srinivas,0.6
Kannan Ganpat,0.6
Dinesh Kanagaratnam,0.6
Krishnan Subramanian,0.6
Haricharan,0.6
Tanvi Shah,0.6
Anushri Saxena,0.6
Karthik Raja,0.98
Bharathwaj,0.98
Megha,0.6
Vijay Antony,0.6
Dharan Kumar,0.6
Usha Uthup,0.6
Ramji Soma,0.6
N. R. Raghunanthan,0.6
Sudipto Mukhopadhyay,0.6
Abhay Jodhpurkar,0.6
Harini,0.98
Maria Roe Vincent,0.6
Natalie Di Luccio,0.6
Siddarth Vippin,0.6
Gita Gurappa,0.6
Stephen Gomes,0.6
Lochan Kanvinde,0.739
Nagesh Choudary,0.6
Kannan Ganput,0.6
Shankar Mahadevan,0.6
Jassie Gift,0.6
Sunitha Sarathy,0.6
Kay Kay,0.6
Lesle Lewis,0.6
Vivek Siva,0.6
Mervin Solomon,0.6
Yazin Nizar,0.6
Oorka,0.6
Inno Genga,0.6
Kaber Vasuki,0.6
Bharath Shankar,0.6
Vinay Hariharan,0.6
Ganesh Raghavendra,0.6
Simon K. King,0.6
Achu Rajamani,0.6
Sameera Bharadwaj,1.4
Aravind Menon,0.6
T. M. Krishna,0.6
Vijay Prakash,0.6
Sathyaprakash Dharmar,0.6
Ramesh Vijayan,0.6
Ajeesh,0.6
Sangeetha Rajeshwaran,0.98
Naresh Iyer,0.6
Shrihari,0.6
Prashanthini,0.6
Yogi B,0.6
Ramachandran Anand,0.6
Harish Raghavendra,0.6
Sujatha Mohan,1.38
Kalpana Raghavendar,0.6
Ehsaan Noorani,0.6
Loy Mendonsa,0.6
A. S. Lakshminarayanan,0.6
Anushka Manchanda,0.6
Niru,0.6
Krishnaraj,0.6
Sriram,0.6
Nithyasree Mahadevan,0.6
Ilaiyaraaja,0.703
Priyadarshini,0.6
Vidyasagar,0.6
Mark A. Mangini,0.6
Hans Zimmer,2.011
Richard L. Anderson,0.828
R.J. Kizer,0.695
David J. Hudson,0.6
Mel Metcalfe,0.6
Terry Porter,0.84
John Roesch,0.6
Mike Chock,0.828
Paul Berolzheimer,0.98
Hilda Hodges,0.98
Adam Milo Smalley,0.6
John Pospisil,0.6
James Christopher,0.608
Andrew Patterson,0.6
Donlee Jorgensen,0.6
Ralph Stuart,0.6
Dhina,0.6
Udit Narayan,0.6
Anuradha Sriram,1.4
Srilekha Parthasarathy,0.6
Devan Ekambaram,0.6
Malathy Lakshman,0.6
Hema Sardesai,0.6
Kunal Ganjawala,0.6
Mahathi S.,0.6
Tippu,0.6
P. Unnikrishnan,0.6
Nicola Piovani,0.6
Srikanth Deva,0.6
Prakash Nikki,0.6
R. P. Patnaik,0.6
Santhosh Dhayanidhi,0.6
Vishal Chandrasekhar,0.98
Vikram RH,0.6
KP,0.6
Justin Prabhakaran,0.6
Sundar C. Babu,0.6
Resul Pookutty,0.6
Asha Bhosle,0.695
Dominique Cerejo,0.6
Rajagopal,0.6
Sandhya J. K.,0.6
Sharreth,0.6
Mark,0.6
Ujjayinee Roy,0.6
Ranina Reddy,0.6
M. M. Manasi,0.6
K. Thilaka,0.6
Srinisha Jayaseelan,1.4
Tony Joy,0.6
Sanjith Hegde,0.695
Sathyan Mahalingam,0.6
Rahul Nambiar,0.6
Mili Nair,0.6
Mohit Chauhan,0.652
Vishnupriya Ravi,0.6
Varun Parandhaman,0.6
Kutle Khan,0.6
Sooraj Santhosh,0.6
Anand Aravindakshan,0.6
Leon James,0.6
Sanjeev Thomas,0.6
James Vasanthan,0.6
Vijay Ebenezer,0.6
J.D. Babu,0.6
K B Raja,0.6
C A Moideen,0.6
Bindhu Malini,0.6
Devdanth Bharadwaj,0.6
Pragathi Guruprasad,0.6
Nakash Aziz,0.6
Srimathumitha,0.6
Sreejesh Nair,0.6
V Shrihari,0.6
Suresh Peters,0.6
Justin Jose,0.6
Adnan Sami,0.6
K. S. Chithra,0.98
Madhu Balakrishnan,0.6
Bhavatharini,0.6
Suchitra,0.6
Mani Sharma,0.6
Sai Karthik,0.6
Benny Dayal,0.6
Palaniammal,0.6
Snigdha Chandra,0.6
Sunidhi Chauhan,0.6
Radhan,1.38
Yamini Ghantasala,0.6
Vijaynarain,0.6
Gangai Amaran,0.6
Annupamaa,0.6
T. L. Maharajan,0.6
Armaan Malik,0.6
Malgudi Subha,0.98
Divya Kumar,0.6
Pooja Vaidyanath,0.6
Onasis Mohan,0.6
Sukhwinder Singh,0.6
Jayamoorthy,0.6
Swarnalatha,0.6
Febi Mani,0.6
Neha Bhasin,0.6
Blaaze,0.6
Bela Shende,0.6
SuVi,0.6
Mohammed Aslam,0.6
K. J. Yesudas,0.6
Jyotsna Radhakrishnan,0.6
Clinton Cerejo,0.6
Renganaath Ravee,0.6
Jyoti Chetia,0.6
Anish Poduval,0.6
Christopher Stanley,0.6
Sri Rascol,0.6
Shivam Mahadevan,0.6
Nochipatti Thirumoorthi,0.6
Rajaganapathy,0.6
Harini Sudhakar,0.6
Roshini,0.6
Shweta Pandit,0.6
Balamurali Balu,0.6
Shaan,0.6
Sivamani,0.6
Deepan Chakravarthy,0.6
Priya Himesh,0.6
A. R. Reihana,0.6
Chinnaponnu,0.6
S. N. Arunagiri,0.6
Anitha Karthikeyan,0.6
M. L. R. Karthikeyan,0.6
Siddharth Mahadevan,0.6
S Chinna,0.6
Bobo Shashi,0.6
Augath,0.6
Deena Devarajan,0.6
S Chandrasekhar,0.6
Balu Thankachan,0.6
Shilvi Sharon,0.6
Keerthana Vaidyanathan,0.6
A P Kavi,0.6
Kdk Shankar,0.6
Kadhar Basha,0.6
Sulthan Ibrahim,0.6
B. Ajaneesh Loknath,0.6
Prathi Balasubramanian,0.6
Brindha Sivakumar,0.6
Suzanne D'Mello,0.6
Earl D'souza,0.6
Sirpi,0.6
M.J. Raju,0.6
H Sridhar,0.6
Sriram Parthasarathy,0.6
Mathangi Jagdish,0.6
Dharam Sandeep,0.6
Lucky Ali,0.6
Chithra Iyer,0.6
Siddhu Kumar,0.6
Damayanti Barot,0.6
Jothi Pushpa,0.6
Dinesh Kumar,0.6
Natarajan Sankaran,0.6
B. R. Rejin,0.6
Swagatha S. Krishnan,0.6
M. Saravanan Kumar,0.6
Thierry Delors,0.6
Durga Prasad,0.6
Arjun Chandy,0.6
Bamba Bakya,0.6
Suchith Suresan,0.6
Madhushree,0.6
Raju Krishnamoorthy,0.6
Sayanora  Philip,0.6
Krish,0.6
Sharib Sabri,0.6
Palghat Sriram,0.6
Savitha Reddy,0.6
Ganga Sitharasu,0.6
Mysskin,0.6
Thiagarajan Kumararaja,0.6
Atlee,0.6
Lokesh Kanagaraj,0.6
Mahi V. Raghav,0.6
Rohin Venkatesan,0.6
Vetrimaaran,1.002
K. V. Anand,0.652
Shoojit Sircar,0.6
H. Vinoth,0.6
Rajesh M. Selva,0.6
Santhosh Selvaraj,0.6
Selvaraghavan,0.6
Vignesh Shivan,0.61
K. M. Sarjun,0.6
A. R. Devranjith,0.6
Antony Vikram,0.6
Deevika Kumar,0.6
Sabarish Nanda,0.6
Sandeep .S,0.6
Ayub Hameed R. S.,0.6
P. Virumandi,0.6
Magizh Thirumeni,0.6
Rajath Ravishankar,0.6
Karthik Subbaraj,0.728
Srinivasan Elangovan,0.6
Siva,0.84
G. Boobalan,0.6
K. S. Ravikumar,0.6
David Leitch,2.278
Paul Barry,0.6
Ana Oparnica Sebal,0.6
Daniel Columbie,0.6
N. Linguswamy,0.98
A.R. Murugadoss,0.6
C. Prem Kumar,0.6
Mani Ratnam,0.947
Bejoy Nambiar,0.6
Ponram,0.6
Gautham Vasudev Menon,0.6
Nelson Dilipkumar,0.6
Pandiraj,0.6
Ashok G.,0.6
Shilpi Kiran,0.631
T K Madhan Prasad,0.6
Bharathan,0.6
Mohan Raja,0.6
Pushkar,0.6
Gayathri,0.6
Soundarya Rajinikanth,0.6
Sameer Thahir,0.694
P. Vasu,0.6
P. S. Keerthana,0.98
Milind Rau,0.6
Lakshman,0.6
U.R. Jameel,0.6
Sundar C,0.6
Robert Schwentke,1.03
Kelly Cronin,0.6
Tracy L. Moody,0.656
Kim Berner,0.6
Karthick Naren,0.694
T. Rajendar,0.755
Pa. Ranjith,1.094
Vikram Kumar,0.6
Advaith Ramkumar,0.6
Arpit Bharde,0.6
Julien Trousselier,0.6
Thirukumaran,0.6
Navin Chapade,0.6
Arun Raj Varma,0.6
M. Muthaiah,0.6
Ezhil,0.6
Chimbu Deven,0.6
Nithin Simon,0.6
S. D. Vijay Milton,0.6
R. Velraj,1.4
Maruthi Dasari,0.6
Sam Anton,0.6
Venkat Prabhu,0.6
Kannan DS,0.6
P. Ramesh,0.6
Sekhar Kammula,0.6
Raju Murugan,0.6
Thiru,0.6
N. V. Nirmal Kumar,0.6
Vasanthabalan,0.6
Sanjay Rawal,0.6
Maneesh Sharma,0.6
A. Gokul Krishna,0.6
Ganesh Karthik,0.6
Sugumar,0.6
R. S. Durai Senthilkumar,0.6
Francis Whately,0.972
Rajiv Menon,0.6
Gokul,0.6
Fred LeRoy Granville,0.828
Shankar,0.607
Krishna Marimuthu,0.6
Rajdeep,0.6
Chandru Manickavasagam,0.6
Arun K Viswa,0.6
Manoj Kumar Natarajan,0.6
Mithran Jawahar,0.6
Boopathy Pandian,0.6
Vishnuvardhan,0.6
Igore,0.6
Dharani,0.6
Vinayan,0.6
Balaji Sakthivel,0.6
Roger Allers,1.131
Rob Minkoff,1.694
Aaron Blaise,0.6
Gary Trousdale,1.202
Tony Bancroft,0.631
Francis Glebas,0.659
Jennifer Yuan,0.6
Rick Moore,0.6
Mark Koetsier,0.6
Tom Bancroft,0.6
Mike Hodgson,0.6
Shafi,0.6
Ganesh Vinayak,0.6
Dhana,0.6
Subramaniam Siva,0.6
G. Ramesh,0.6
S. S. Stanley,1.4
Kasthoori Raja,0.98
Gianni Arduini,1.4
V. V. Kathir,0.6
Sakthi Chidambaram,0.6
Saran,0.6
Hari,0.648
A. Venkatesh,0.6
Adhik Ravichandran,0.6
Puri Jagannath,1.614
Sakthi Paramesh,0.6
Lenin Bharathi,0.98
Teja,1.008
R Kannan,0.6
Muruganand,0.6
B. V. Nandini Reddy,0.6
Ravi Tyagarajan,0.6
C. Raja Durai,0.6
Rajkumar Periasamy,0.6
J Jaswini,0.6
Kalaprabhu,0.6
P. Arumugakumar,0.6
S. R. Prabhakaran,0.6
Susi Ganesan,0.6
V. Priya,0.6
C. S. Amudhan,0.6
Balaji Mohan,0.98
Shakti Soundar Rajan,0.6
Jeeva Shankar,0.6
Arivazhagan Venkatachalam,0.648
Rosshan Andrrews,0.6
Suraj,0.6
Suseenthiran,0.6
Prabhu Solomon,0.6
Ram,0.6
Suriya Pradhaman,0.6
Kamalesh Ramanathan,0.6
Varun Vinu,0.6
Karthi Keyan,0.6
Madhavan Veeramuthu,0.6
Ashwath Marimuthu,0.6
K. R. Prabhu,0.6
Mari Selvaraj,0.6
T Ramamoorty,0.6
K Bakhyaraj,0.6
S Iyyappan,0.6
N Velmurugan,0.6
M. Manikandan,0.6
Arun Prabu Purushothaman,0.6
Balakrishnan K,0.6
S. U. Arunkumar,0.6
Jaykrishna,0.6
S. P. Jananathan,0.6
Biju Viswanath,0.6
Kim Kwang-sik,0.98
Nalan Kumarasamy,0.6
Senthil Kumaran,0.6
Rathina Shiva,0.6
R. Panneerselvam,0.6
Nung,0.6
Vijay Chandar,0.6
V. Z. Durai,0.6
Nandan Subbarayan,0.6
Ameer,0.6
Nikhil Sriram,0.6
M. Rajesh,0.6
Jeethu Joseph,0.6
Sudheesh Ramachandran,0.6
S. A. Bhaskaran,0.6
Balu Mahendra,0.6
Aishwarya R. Dhanush,0.6
Anil Ravipudi,0.6
P. S. Mithran,0.828
Sai Gokul Ramanath,0.6
Rambhala,0.6
Zion,0.6
G. L. Sethuraman,0.6
Johnson K.,0.6
Vijay Anand,0.6
Umapathy,0.6
Tarun Gopi,0.6
Venkat Mohan,0.6
S. A. Chandrasekhar,0.947
Fazil,1.62
K. Selvabharathy,0.6
Vincent Selva,0.828
Gunasekhar,0.6
Ramana Madhesh,0.6
Perarasu,0.6
John Mahendran,0.6
Surender Reddy,0.6
Babusivan,0.6
S. P. Rajkumar,0.6
A. L. Vijay,0.6
Raju Sundaram,0.6
Thiraivannan,0.6
Sai Ramani,0.6
Swami Ching,0.6
Balaji Madhavan,0.6
R Naresh,0.6
Sneha Agrawal,0.6
Ravi K. Chandran,0.6
Ramnath,0.6
Deekay,0.6
Ike Radha,1.4
Kalees,0.6
Don Sandy,0.6
Sami Rajalingam,0.6
R. S. Prasanna,0.6
Prakash Kovelamudi,0.6
N. Ragavan,0.6
Santhosh P. Jayakumar,1.38
Santha Kumar,0.6
Cheran,0.6
M. Saravanan,0.6
Anand Shankar,0.6
Gaurav Narayanan,0.6
G. N. R. Kumaravelan,0.6
B. Ashok Kumar,0.6
S. S. Surya,0.6
Badri Venkatesh,0.6
Yuvaraj Bose,0.6
A. Sarkunam,0.6
Ravi Arasu,0.6
T. N. Santhosh,0.6
Parthiban Desingu,0.6
B K Karthikeyan Naveen,0.6
Bharathan Kumanan,0.6
D Karthikeyan,0.6
A. Senthil Kumar,0.6
Adhiroopan,0.6
Elango Ekambaram,0.6
Socrates,0.6
M. Maruthupandian,0.6
N. Anand,0.6
Kiruthiga Udhayanidhi,1.38
Andrew Louis,0.6
Dinesh Rajan,0.6
Natraj Devendran,0.6
Jose Sasi Kumar,0.6
Mohamed Sareef,0.6
Jagadish,0.6
I. Mueenuddin Ahmed,0.6
Thalapathy Prabhu,0.6
Priyadarshan,0.98
Seenu Ramasamy,0.6
R. Ravi Kumar,0.6
Muruganandham,0.6
Chella,0.6
Murugan A J,0.6
S. Saravanan,0.98
Vasanth,0.6
Gokula Krishnan,0.6
Vikraman,1.4
Christopher Nolan,5.417
Ram Gopal Varma,0.828
Hosimin,0.6
Jayendra,0.6
Manimaran,0.6
Prasad Ramar,0.6
Sasi,0.6
Sai Shekhar,0.6
N. J. Srikrishna,0.6
Barath Neelakantan,0.6
Mani Nagaraj,0.6
Prashanth Pandiraj,0.6
Vallikanth,0.6
Vijay Balaji,0.6
Baba Baskar,1.214
Sukumar,0.6
M. M. Chandramouli,0.6
Babu Yogeswaran,0.6
K. Balachander,0.98
Bhaskar,0.6
Jeeva,0.6
Ravi Chakravathy,0.6
N. Kalyanakrishnan,0.6
Pradeep Ranganathan,0.6
Mohamad Issack,0.6
Suresh Krishna,0.608
S. D. Ezhilmathy,0.6
Swathi Raghuraaman,0.6
Kalpathi S Aghoram,0.6
Kalpathi S Ganesh,0.6
Kalpathi S Suresh,0.6
S. R. Prakashbabu,0.6
S. R. Prabhu,0.6
Aravendraj Baskaran,0.6
Tiruppur Vivek,0.6
Vinoth Kumar,0.6
S. Thanu,0.6
S P Chokkalingam,0.6
Subaskaran Allirajah,0.98
Kavino Nagulendren,0.6
Boney Kapoor,0.6
P. Jairaj,0.6
S. Ganesan,0.6
R. Anbazhagan,0.6
E. Suresh Nambiraj,0.6
Kabilan Chellaiah,0.6
S. R. Prakash Babu,0.6
Kalanithi Maran,0.6
R. Ravindran,0.6
Kotapadi J Rajesh,0.6
P. T. Chandrakanth,0.98
T. Elumalai,0.6
Inder Kumar,0.6
R P Balagopi,0.6
S. Lakshman Kumar,0.6
K V Durai,0.6
Kaarthekeyen Santhanam,0.6
R S Suresh Maniyan,0.6
D Ramesh Kuchirayar,0.6
T. G. Thyagarajan,0.6
Arjun Thiyagarajan,0.6
Sendhil Thiyagarajan,0.98
V. Ravichandran,0.6
Mary Vernieu,1.295
Lauren Shuler Donner,0.707
Simon Kinberg,1.272
Jonathon Komack Martin,0.6
Corinne Clark,2.172
Ethan Smith,0.6
Kelly McCormick,1.38
Jennifer Page,1.601
Aditya Sood,0.6
Ko Iwagami,0.6
Marisol Roncali,0.6
Riva Cahn Thompson,0.6
Johnny Gidcomb,0.6
Yumi Takada,0.6
Raylin Sabo,0.6
Jayantilal Gada,0.6
Akshay Jayantilal Gada,0.6
Dhaval Jayantilal Gada,0.6
Praveen Daniel,0.6
Ilana Rossein,0.6
Rukhshida David,0.6
S Vinodkumar,0.6
S. Nandagopal,0.6
Kovai Vijaya Kumar,0.6
K Chinnadurai,0.6
R. D. Raja,0.6
Mala Manyan,0.6
T Muthuraj,0.6
V Muthukumar,0.6
Raja Sridhar,0.6
Kadhirai Ravi,0.6
Amudhan Priyan,0.6
Rajsekar Pandian,1.62
K. E. Gnanavelraja,0.6
Vamsi Krishna Reddy,0.6
H Murali,0.6
Marcin Andruchow,0.6
Natarajan Ramji,0.6
Hema Rukmani,0.6
B. Bharathi Reddy,0.6
B. Venkatarama Reddy,0.6
Manu Kumaran,0.6
Chakravarthy Ramachandra,0.6
S. Sashikanth,0.6
Muthuramalingam,0.6
S M Sirajudeen,0.6
D Paranthaman,0.6
J Abdul Lathif,0.6
R Vikraman,0.6
S Palaniappan,0.6
Shalini Shankar,0.6
Honey Trehan,0.6
Linish Prasad,0.6
S R Loganathan,0.6
D Saravana Kumar,0.6
Dr. Ishari. K. Ganesh,0.6
Deborah Aquila,0.717
Michael Fottrell,1.116
Neal H. Moritz,1.108
Mike Richardson,0.6
David Dobkin,1.22
Ori Marmur,0.84
Keith Goldberg,0.694
Carolyn Pickman,1.4
Terri Douglas,0.706
Tricia Wood,1.4
Angela Peri,0.75
Lisa Zagoria,0.6
Kia Kiso,0.6
Louise DeCordoba,0.6
Matt Bouldry,0.6
Aaron Kahl,0.6
Tom Howes,0.6
Angie Howard,0.6
Cynthia Phillips,0.6
Marty Elfalan,0.6
Ashley Skomurski,0.6
Alexis Capozzi,0.6
Jerry Dwyer Jr.,0.6
Erica Mills,0.6
Robert Cable,0.6
Bethany Andriuzzo,0.6
Cabernet Murray,0.6
Kimberly Aguirre,0.6
Wayne T. Silva,0.6
Jennifer Webb,0.98
Hannah Roble,0.6
Britney Young,0.6
Sonia Y. Dawson,0.6
Mollie Vera Grace,0.6
Faleshia Lo,0.6
Christine Colburn,0.6
Jennifer Blair,0.6
Anuj Sharma,0.6
Prashant Sharma,0.6
Suraj Sadanah,0.6
Anna Zajaczkowska,0.6
Udhayanidhi Stalin,0.98
M. Shenbaga Moorthy,0.6
R. Arjun Durai,0.6
G.N. Anbu Chezhiyan,0.6
Rajan Natraj,0.6
Shibu Thameens,0.6
P. T. Selvakumar,0.6
A. M. Rathnam,0.6
S. Aishwarya,0.6
Allu Aravind,0.6
C. V. Kumar,0.6
S. Kathiresan,0.6
Aathish Hariharan,0.6
Jeyagar Viswanathan,0.6
Rockline Venkatesh,0.6
Uzma Xina Kang,0.6
Dinesh Nair Mumbai,0.6
Rengarajan Jaiprakash,1.4
D. Dinesh Karthik,0.6
Ronnie Screwvala,0.6
Siddharth Roy Kapur,0.6
Amrita Pandey,0.6
Fathima Vijay Antony,1.4
M. S. Saravanan,0.6
Varun Manian,0.6
R S Venkat,0.6
Aditya Chopra,1.4
Aashish Singh,0.6
N. P. K. S. Logu,0.6
A Manohar Prasad,0.6
V. S. Rajkumar,0.6
J. Sathish Kumar,0.6
Sundar Annamalai,0.6
S Manikandan,0.6
R Rakesh,0.6
M Raghu,0.6
Prasad Vara Potluri,0.6
G Dilli Babu,0.6
K Pooranesh,0.6
S S Sridhar,0.6
Dinesh Kannan,0.6
A K Anirudh,0.6
Siddarth Rao,0.6
Sharanya Subramanian,0.6
J. S. B. Sathish Kumar,0.6
S Ambeth Kumar,0.6
A S Prabhu,0.6
S Sanjay,0.6
Jayaraman,0.6
P. Madhan,0.6
Elred Kumar,0.6
Mahesh Menon,0.6
Malcolm Scerri Ferrante,0.6
Mickie Menon,0.6
Shanker Koladi,0.6
T. Ramesh,0.6
M. Mohan Apparao,0.6
S.P.B. Charan,0.6
Dr. K. Vimalageetha,1.78
K. Karunamoorthy,0.6
Suresh Balaje,0.6
Punnagai Poo Gheetha,0.6
K. S. Sreenivasan,0.6
A. Kandasamy,0.6
Poornachandra Rao A,0.6
M. Mani,0.6
S. Sriram,0.6
Alice Dewey,0.6
Don Hahn,0.87
Sarah McArthur,0.6
Lisa M. Poole,0.6
Barbara Harris,1.679
Kirk Bodyfelt,0.98
Craig Sost,0.6
Brian Chavanne,0.6
Miguel Ángel Poveda,0.98
Holly E. Bratton,0.98
Karenna Mazur Alderton,0.6
Loni Beckner-Black,0.6
Cathy Lawrence,0.6
Patricia Hicks,0.6
Paul Steele,0.6
Glen Gagnon,0.6
Matthew Garbera,0.6
Jeanie Lynd Sorenson,0.6
Don Walters,0.6
L.J. Van Cleave,0.6
Dana Axelrod,0.6
Krishnakanth K S,0.6
Saraswathi Srikanth,0.6
John Davis,1.96
Shaila Rubin,0.6
Gianluigi Braschi,0.6
Elda Ferri,0.6
Agnès Mentre,0.6
Tullio Lullo,0.6
Mario Cotone,1.38
Attilio Viti,0.694
David H. Kramer,0.6
Nando Nibbi,0.6
R. B. Choudary,0.6
S. Michael Rayappan,0.6
M. Varalakshmi,0.6
G Dhananjayan,0.6
P. Ravikumar,0.6
D Vijay Prakash,0.6
Ramesh Kalimuthu,0.98
Ganesh Kalimuthu,0.6
Yogesh Ramachandran,0.6
S. Muruganandham,0.6
N. Puranna,0.6
G. Srinivasan,0.6
P S Raghunathan,0.6
Nemichand Jhabak,0.6
V. Hitesh Jhabak,0.6
B. Ganesh,0.6
C. J. Jayakumar,0.6
N. Subash Chandra Bose,0.6
P.L. Thenappan,0.697
T. Saraswathy,0.6
Abhinaya Selvam,0.6
Sethu Ramalingam,0.6
Poornesh,0.6
C Velan,0.6
K. Mohan,0.6
Clement Leo T,0.6
R S Hemachandar,0.6
A Anburaja,0.6
K Gurunathan,0.6
M Dharmarajan,0.6
P Elappan,0.6
M R Ganesh,0.6
R M Rajesh Kumar,0.6
S. N. Rajarajan,0.6
Shan Sutharsan,0.6
Balasubramani Marimuthu,0.6
Girish Kota,0.6
B. Gurunath,0.6
M. S. Guhan,0.98
S. S. Chakravarthy,0.6
Pushpa Kandaswamy,0.6
V.A. Durai,0.6
Ajay Kumar,0.6
Salem A. Chandrasekar,0.6
G. Venugopal,0.6
V. Swaminathan,0.6
K. Muralidharan,0.6
C P Jai,0.6
S. Saravanakumar,0.6
Karthick Seema,0.6
Nijat Adgozalli,0.6
T Ezhumalaiyan,0.6
Pearl V. Polturi,0.6
N. Ramasamy,0.6
M. Senthil Kumar,0.6
S. Raj Narayanan,0.6
C. Ramesh Kumar,0.6
K. R. Bala Murugan,0.6
SP Chowdhary,0.6
Vikram Krishna,0.6
S Madhan,0.6
Madhu B.,0.6
T Murugesan,0.6
Mohan Natarajan,0.6
Shoba Chandrasekhar,0.6
Ramesh Babu,0.6
Swargachitra Appachan,0.814
C. Romesh Babu,0.6
S. N. Raja,0.6
Aqeel Qureshi,0.6
Maineni Prasad,0.6
A. C. Pillai,0.6
N Shivaprasad,0.6
Salmara Mohammad Sharief,0.6
B. Srinivasan,0.6
S. Parthiban,0.6
S. Srinivasan,0.6
G A Harikrishnan,0.6
Reshma Ghatala,0.6
Venkat Somasundaram,0.6
M.Senthil Kumar,0.6
Aswin Kandasamy,0.6
Abinesh Elangovan,0.6
V Manikandan,0.6
Joseph Jaxson,0.6
D Baskaran,0.6
Vijayaraghavendra,0.6
Kiran Talasila,0.6
K Ashwin Kumar,0.6
Bellamkonda Ganesh,0.6
B. Suresh,0.6
B Jeevan,0.6
Mathen Kumar,0.6
Sai Saravanaji,0.6
Listin Stephen,0.6
Balavishwaanathan,0.6
Esakki Durai,0.6
R K Ajaykumar,0.6
P B Saravanan,0.6
Vito Vivek,0.6
Selvakumar,0.6
Gautham Kumar,0.6
Kaviya Venugopal,0.6
Gary Suresh,0.6
Arockiaraj,0.6
N. Manivannan,0.6
S. Mani,0.6
S. Thamizhini,0.6
V Kumar,0.6
V Visu,0.6
P Viswanthan,0.6
Michael Rayappan,0.6
K. Manju,0.6
Anto Joseph,0.6
L K Leena,0.6
Sandra Johnson,0.6
B. Pradeep,0.6
R Sundarakamaraj,0.6
K Sri Kaviraj,0.6
Manoj Kumar Kalaimani,0.6
Anoop Antony,0.6
Santhosh T Kuruvilla,0.6
Arun Mozhi Manickam,0.6
Rajini Natraj,0.6
Aryan Ramesh,0.6
S Thangaraj,0.6
S Vikram Kumar,0.6
Lalitha Dhananjayan,0.6
T S Rangarajan,0.6
Padam Kumar,0.6
Meena Panchu Arunachalam,0.6
Ganesh Raghu,0.6
Karthik Radhakrishnan,0.6
Rajan Radhakrishnan,0.6
Venky Narayanan,0.6
Karthik Radha Krishnan,0.6
Parthiban A,0.6
M Chinthamani,0.6
Sheetal Vinod Talwar,0.6
Madhu Mantena Varma,0.6
Swaroop Reddy,0.6
C. Srikanth,0.6
Sasikanth Sivaji,0.6
Ramesh P. Pillai,0.6
Deepa Iyer,0.6
M. K. Thamizharasu,0.6
Dhayanidhi Alagiri,0.6
Vivek Rathnavelu,0.6
Mu. Ka. Tamizharasu,0.6
S P Sankar,0.6
Santha Priya,0.6
Kishore Sampath,0.6
Tesha Sree T,0.6
Sathish Kumar D,0.6
Ragavesh S P,0.6
S Prem,0.6
T. Siva,0.6
R. Saravana Kumar,0.6
P. Ravichandran,0.6
G Vittal Kumar,0.6
Vivek Anand,0.6
Latha Kurien Rajeev,0.6
Franck Priot,0.6
Siraj,0.6
Karnaraajaa,0.6
Padur Ramesh,0.6
Saravanan .M,0.6
Saravanan .T,0.6
Natasha Madhalam,0.6
Raj Patel,0.6
Editor Mohan,0.6
M. S. Raju,1.38
Sunanda Murali Manohar,0.6
Ian Dray,0.6
J Anbalazhagan,0.6
K. S. Sivaraman,0.6
A. L. Azhagappan,0.6
S M Rajkumar,0.6
Rajendra M Rajan,0.6
Punitha Rajan,0.6
H. Vittal Prasad,0.6
K. Sathya Narayana,0.6
M. V. Krishna Rao,0.6
Nalini Rathnam,0.6
Chandanraj Parayan,0.6
Vishal Saroye,0.6
Rajam Balachandar,0.6
R. M. Veerappan,0.6
Rakesh Roshan,0.6
Neelan K. Shekar,0.6
Archana Kalpathi,0.6
Ramana Girivasan,0.6
Pon Parthiban,0.6
Poomani,0.6
Suka,0.6
Pattukottai Prabhakar,0.6
Vairamuthu,0.6
Kabilan Vairamuthu,0.6
Kabilan,0.6
N. Sakthivel,0.6
Viveka,0.6
Madhan Karky,0.6
Thamarai,0.6
KU. Karthik,0.6
Priyanka Ravindran,0.6
Charukesh Sekar,0.6
K. Manikandan,0.98
Adhi Narayana,0.6
Vaali,1.4
Atul Tiwari,0.6
Stan Lee,3.712
Rhett Reese,1.095
Lee Gren,0.6
Paul Wernick,0.6
Rob Liefeld,0.6
Fabian Nicieza,0.791
S. Ramakrishnan,0.6
Brinda Sarathy,0.6
Jeyamohan,0.694
Uma Devi,0.6
Karthik Netha,0.6
Sivakumar Ananth,0.6
Yugabharathi,0.6
Vijayendra Prasad,0.6
D Suresh,0.6
A.N. Balakrishnan,0.98
N Baskaran,0.6
Mohan Rajan,0.6
Muthamil,0.6
K. Chandru,0.6
Phil Hay,0.84
Matt Manfredi,0.917
Peter M. Lenkov,1.566
James Doh,0.6
Pa. Vijay,0.6
Na. Muthu Kumar,0.6
Rokesh,0.6
Vetriselvan,0.6
Trivikram Srinivas,0.84
Gowtham Raj,0.6
Jothi Arunachalam,0.6
Sridhar Raghavan,0.6
Sai Prasad,0.6
Pon Kumaran,0.6
Tamizhachi Thangapandian,0.6
Habib Faisal,0.6
Rajiv Rajaraman,0.6
George C. Hull,0.6
Sujatha Rangarajan,0.6
Juhi Chaturvedi,0.6
Arun Karthick,0.6
Arivu,0.6
Subramaniya Bharathi,0.6
Andavan Pichai,0.6
Kona Venkat,0.6
Gopi Mohan,0.694
Snehan,0.6
Vikram Sugumaran,0.6
A. C. Mugil,1.96
Rebel Ravi,0.6
Abhinav Kashyap,0.6
Neelan K. Sekar,0.6
N. Ramana Gopinath,0.6
Arivumathi,0.6
Joe Ranft,0.712
Jonathan Roberts,0.815
Jim Capobianco,0.6
Linda Woolverton,1.627
Irene Mecchi,0.7
Lorna Cook,0.6
Brenda Chapman,1.358
Burny Mattinson,0.98
Mel Shaw,0.6
Broose Johnson,0.98
Joe Grant,1.214
Barry Johnson,0.6
Dominick R. Domingo,0.6
Larry Leker,0.6
Thom Enriquez,0.828
Jorgen Klubien,0.6
Kevin Harkey,0.719
Ed Gombert,0.6
Ken Boyer,0.6
Joe Ekers,0.6
Benny P. Nayarambalam,0.6
Viji Radhika,0.6
Vincenzo Cerami,0.6
 Prasanna Kumar Bejawada,0.98
Imtiaz Ali,0.6
P. V. Prasad,0.6
Panchu Arunachalam,0.6
Venkat Raghavan,0.6
Rajesh Kumar,0.6
Sanjay,0.694
Bobby,0.648
Mahesh Narayanan,1.38
S.B.Ramadas,0.6
Bhaskar Sakthi,0.6
Sumathi Ram,0.6
Era Murukan,0.6
M. Chandrakumar,0.6
Badri,0.6
Anand Kumaresan,0.6
Anand Annamalai,0.6
Bava Chelladurai,1.4
S Balamurugan,0.6
Mona. Palanisamy,0.6
Anucharan,0.6
Arul Chezhiyan,0.6
Balakumaran,0.6
Jayakanthan,0.6
Seenu Vasan,0.6
Rensil D'Silva,0.6
Sameer Arora,0.6
Mirchi Vijay,0.6
K. R. Dharan,0.6
Paul B. Sailus,0.6
SanGan,0.6
GKB,0.6
Savari Muthu,0.6
Anthony Bhagyaraj,0.6
S.S. Kanchi,0.84
Ganesh Raj,0.6
Arun Bharathi,0.6
Gana Vinod,0.6
Subu,0.6
Vakkantham Vamsi,0.6
Sri Ganesh,0.6
S. K. Jeeva,0.6
Jane Austen,2.034
A K Lohithadas,1.4
Javed Akhtar,0.6
Salim Khan,0.6
J. Vadivel,0.6
Gautham Ramachandran,0.6
Mani Amudhavan,0.6
Parvathy,0.6
Karthikeyan Selvakumar,0.6
Akshat Verma,0.6
Kanika Dhillon,0.6
Karundhel Rajesh,0.6
Kaiser Anand,0.6
T Sivakumar,0.6
Radhakrishnan,0.98
Nanjilnadan,0.6
Annamalai,0.6
G. Radhakrishnan,0.6
Niranjan Bharathi,0.6
Sreekanth Vasrp,0.6
Devesh Jeyachandran,0.6
Sollisai Selvandhar,0.6
Thamizhanangu,0.6
Subhash Kapoor,0.6
Ajayan Bala,0.6
Shyam Pushkaran,1.669
Mathichiyam Bala,0.6
Dileep Shukla,0.6
Crazy Mohan,1.4
Pulamaipithan,0.6
Pazhani Bharathi,0.6
Prashant Pandey,0.6
Pawan Kumar,0.6
Vijay Sagar,0.6
Logan,0.6
Veeru Potla,0.694
Robert King,0.692
M. Jeevan,0.6
Abirami Ramanathan,0.6
P. K. Mishra,0.6
