name,popularity
Vishnu Manchu,0.6
Revathi,0.6
Kota Srinivasa Rao,0.6
Surya Bhagawan Das,0.98
Brahmanandam,1.243
Navdeep,0.6
Tejaswi Madivada,0.98
Madhu Shalini,1.4
Naveen Chandra,0.6
Rahul Ravindran,0.6
Lavanya Tripathi,0.6
Nani,1.123
Nithya Menen,0.604
Sneha Ullal,1.4
Ashish Vidhyarthi,2.528
Thagubothu Ramesh,1.4
Pragathi,0.6
Chaitanya Krishna,0.6
Praveen,1.052
Dhanraj,0.98
N.T. Rama Rao Jr.,2.066
Nayanthara,2.391
M. S. Narayana,0.6
Sheela Kaur,0.997
Mahesh Manjrekar,0.94
Nassar,0.946
Martin Landau,3.151
Judy Parfitt,1.907
Kenny Doughty,1.63
Nolan Hemmings,0.6
Danny Webb,3.304
Christopher Fulford,0.949
Steven Mackintosh,1.717
Jake Wood,0.63
Richard Bremmer,0.83
Nithiin,1.215
Kajal Agarwal,2.313
Mahesh Babu,1.219
Amrita Rao,0.6
Ravi Prakash,1.299
Sunil Varma,0.639
Subbaraju,0.6
Venu Madhav,0.6
Malaika Arora Khan,1.094
Ajay,1.4
Murali Sharma,0.6
Rajiv Kanakala,0.6
Pawan Kalyan,1.114
Asin Thottumkal,0.6
Sandhya,0.828
Siva Balaji,0.6
Gayatri Bhargavi,0.6
Charmy Kaur,1.943
Jagapati Babu,0.63
Shashank,0.6
Harshavardhan,0.6
Narsing Yadav,0.6
Pooja Bharti,0.6
Pavan Malhotra,0.6
Tarzan,0.6
Sana,0.6
Prabhas,1.62
Aarthi Agarwal,0.6
Ramya Krishnan,2.57
Raja,0.6
Kamalinee Mukherjee,0.6
Anish Kuruvilla,1.874
Satya Krishnan,0.84
Rana Daggubati,0.95
Sathyaraj,0.62
Anushka Shetty,1.96
Tamanna Bhatia,1.723
Prudhviraj,0.652
Rohini,0.84
Ashrita Vemuganti,0.766
Tanikella Bharani,0.716
Bharani Shankar,0.6
Kalpalatha,0.6
Prakash Raj,1.971
Ayesha Shiva,0.6
Sayaji Shinde,0.694
Brahmaji,0.84
Dharmavarupu Subramanyam,1.128
Bharath Reddy,0.6
Rajeev Mehta,0.6
Raza Murad,0.6
Khan Jahangir Khan,0.6
Akash Puri Jagannadh,0.6
Bandla Ganesh,0.6
Manchu Manoj,0.6
Sheena Shahabadi,0.6
Shriya Saran,1.4
Bhanupriya,0.98
Mumaith Khan,1.024
Kamal Kamaraju,0.6
Venkatesh,0.6
Meena,1.855
Nadhiya,1.4
Esther Anil,1.4
Saptagiri,1.473
Ravi Kale,1.109
Naresh,0.6
Venkateswara Rao Paruchuri,0.6
Roshan Basheer,1.012
Kruthika Jayakumar,0.6
Chalapathi Rao,0.6
Chitram Seenu,0.608
Uttej,0.84
Annapoorna,1.38
Sameer Hasan,0.6
Naga Chaitanya Akkineni,0.6
Manel Soler,0.6
Srikanth,0.749
Sameksha Singh,0.63
Eijaz Khan,0.6
Rahul Dev,0.982
Mukesh Rishi,0.84
Junaid Sheikh,0.6
Aruna Shields,0.98
Shraddha Das,0.932
Prabhu Ganesan,0.631
Charandeep,0.652
Chandramohan,0.746
Tulasi,0.694
Ahuti Prasad,0.6
Vamsi Krishna,0.6
Prabhas Sreenu,1.178
Allu Arjun,1.621
Hansika Motwani,0.94
Pradeep Ram Singh Rawat,1.38
Ali,0.84
Devan,1.03
Telangana Sakuntala,0.6
G. V. Sudhakar Naidu,0.706
Kovai Sarala,1.548
Raghu Babu,0.69
Gundu Sudarshan,0.98
Srinivasa Reddy,1.094
Satyam Rajesh,0.6
Jeeva,0.6
Hema,0.694
Shankar Melkote,1.4
Rambha,1.614
Kangana Ranaut,2.187
Sonu Sood,0.6
Mukul Dev,0.98
Posani Krishna Murali,0.98
Makrand Deshpande,0.728
Gautam Raju,0.728
Abhinaya Sri,0.6
Sangeeta,0.6
Isha Talwar,0.6
Shruti Haasan,0.6
Abhimanyu Singh,0.636
Rao Ramesh,0.694
Prabhakar,0.6
Adah Sharma,0.6
Genelia D'Souza,1.166
Manoj Bajpayee,0.654
Kishore,0.98
Deepak Shirke,0.6
Rama Prabha,1.092
Suman Shetty,0.6
Kondavalasa Lakshmana Rao,1.4
L. B. Sriram,0.98
Nagineedu Vellanki,0.6
Sindhu Tolani,0.6
Chiranjeevi,1.281
Sonali Bendre,1.4
Sivaji Sontineni,1.052
Ileana D'Cruz,1.166
Parvati Melton,1.4
Ravi Varma,0.6
Ram Pothineni,0.6
Ananth,0.6
Rohini Hattangadi,0.648
Poonam Kaur,0.6
Rajitha,0.6
Sudha,0.6
Aksha Pardasany,0.928
Vineet Kumar,0.6
Arjun Sarja,1.01
Priya Anand,1.4
Bindu Madhavi,0.6
Vineeth Radhakrishnan,1.868
Gracy Singh,0.98
Banerjee,0.694
Suman Talwar,0.716
Richard Rishi,1.4
Y. Kasi Viswanath,0.6
Anu Hasan,0.704
Kriti Kharbanda,1.22
Jayaprakash Reddy,0.728
Raashi Khanna,0.604
Fish Venkat,0.6
Mamilla Shailaja Priya,1.4
Anupama Parameswaran,1.489
Pranitha Subhash,0.6
Sithara,1.4
Jayaprakash,0.6
Noel Sean,0.98
Nabha Natesh,0.6
Nidhhi Agerwal,0.98
Satyadev Kancharana,1.092
Puneet Issar,0.6
Getup Srinu,0.6
Jayalalita,0.648
Deepak Shetty,0.6
Lekha Prajapati,0.6
Bipasha Basu,1.96
Lisa Ray,0.6
Gopichand,0.6
Rakshita,0.6
Saritha,0.605
Keerthi reddy,0.6
Trisha Krishnan,1.22
Irrfan Khan,4.415
Kamna Jethmalani,0.6
Samantha Akkineni,1.22
Master Bharath,0.6
Ajaz Khan,0.6
Shafi,0.98
Sonia Deepti,0.6
Anjali,0.669
Jayasudha,0.6
Abhinaya,0.6
Ravi Babu,0.982
Murali Mohan,0.6
Kalpika Ganesh,0.985
Dhanya Balakrishna,0.6
Rajendra Prasad,0.608
Vennela Kishore,1.4
Pooja Hegde,1.736
Allari Naresh,0.692
Meenakshi Dixit,0.6
Ananya,0.6
Sai Kumar,0.6
Vidyullekha Raman,0.6
Randhir Gatla,0.694
Jhansi,0.6
Kaikala Satyanarayana,0.692
Aneesha Dama,0.6
Rajsekhar Aningi,0.6
Hemant Jeshwant Rao,0.6
Mahesh Achanta,0.695
Sonia Albizuri,0.6
Sivannarayana Naripeddi,0.6
Jacklyn Thrapp,0.6
V. S. Roopa Lakshmi,0.6
Patricia Pinto,0.6
Monica Pinto,0.6
Francesca Pinto,0.6
Nicholas Pinto,0.6
John Kokken,0.6
Kedar Shankara,0.6
Aaditi Agarwal,0.98
Seetha,1.566
Amanchi Venkata Subrahmanyam,0.6
Subbaraya Sharma,0.6
Poonam Bajwa,0.859
Arya,0.652
Bhanu Sri Mehra,1.96
Suhasini Maniratnam,0.6
Vinaya Prasad,0.6
Diksha Panth,0.6
Pradeep Machiraju,0.6
Upendra,0.6
Sneha,0.98
Sampath Raj,1.22
Sree Vishnu,0.6
Catherine Tresa,0.6
Aditi Chengappa,0.6
Krishnam Raju,1.22
Hamsa Nandini,0.6
Adithya Menon,1.4
Baba Sehgal,0.6
Prabha,0.6
Jayaram,0.6
Sushanth,0.6
Nivetha Pethuraj,0.778
Samuthirakani,0.727
Tabu,2.631
Rahul Ramakrishna,0.6
Sachin Khedekar,0.6
Govind Padmasoorya,0.6
Chammak Chandra,1.841
Ananth Babu,0.6
Vaishnavi Chaitanya,0.6
Gajala,0.6
Keerthi Chawla,0.789
Sameera Reddy,0.84
Ameesha Patel,0.6
Kalabhavan Mani,1.38
Saranya Ponvannan,0.766
Amit Kumar Tiwari,0.6
Mamta Mohandas,1.4
Priyamani,0.648
Navaneet Kaur,0.694
Preeti Jhangiani,1.4
Mohan Babu,0.6
Tanishaa Mukerji,0.98
Krishna Bhagavan,0.6
Jackie Shroff,1.388
Manjari Phadnis,0.98
Vidyut Jammwal,0.6
Pooja Bedi,0.6
Manju Bhargavi,0.6
Raghu,0.6
Giridhar,0.98
Yamini Bhaskar,0.98
Rakul Preet Singh,0.692
Madhoo,1.614
Shweta Agarwal,0.6
Anshu,0.6
Simran,0.84
Padmanabham,0.6
Venu Tillu,0.6
Namitha,0.648
Kelly Dorji,0.6
Deeksha Seth,0.917
Supreet,0.6
Tej Sapru,0.6
K. C. Shankar,0.6
Shraddha Kapoor,0.608
Neil Nitin Mukesh,0.6
Mandira Bedi,2.066
Arun Vijay,0.6
Prakash Belawadi,1.008
Evelyn Sharma,1.566
Chunky Pandey,0.6
Lal,0.6
Tinnu Anand,0.6
Aditya Srivastava,0.6
Jacqueline Fernandez,1.128
Girish Garladinne,0.6
Kumar Raja Venati,0.6
Naveen Varma Ganapathiraju,0.6
Sivakrishna,0.6
Sasha Chettri,0.6
Mukhtar Khan,0.6
Ravi Teja,1.094
Shaam,0.6
Hazel Keech,0.98
Enrique Murciano,1.4
Nicholas Gonzalez,3.957
Clancy Brown,7.6
Yvette Yates Redick,1.553
Rafael Agustin,0.6
Tanya R. Barnes,0.6
Robert Beltran,1.4
Wanda De Jesus,0.776
Dan Donohue,1.312
Barry Shabaka Henley,2.825
Katrina Matusek,0.6
Trisha Paytas,0.6
Anjana Sukhani,0.6
Srihari,2.091
Sai Dharam Tej,1.38
Regina Cassandra,1.026
Nagendra Babu,1.048
Mast Ali,0.6
Surekha Vani,0.932
Ravi Kishan,0.6
Kabir Duhan Singh,0.6
Nellore Sudharshan,1.4
Mannara Chopra,0.6
Larissa Bonesi,0.6
Krishna,0.6
Mehreen Pirzada,1.38
Prasanna,0.6
Easwari Rao,0.6
Pavitra Lokesh,0.831
Viva Harsha,0.84
Karthik Adusumalli,0.6
Vijayakumar,0.6
Hari Teja,0.6
Kalyani Natarajan,1.124
Satya,0.98
Bellamkonda Srinivas,0.631
Sonarika Bhadoria,1.4
Pragya Jaiswal,0.98
R. Sarathkumar,0.855
Vani Viswanath,1.381
Nandu,0.648
Tarun Arora,0.6
Shravan,0.6
Amulya,0.6
Ester Noronha,1.159
Ashutosh Rana,0.828
Madhu Guruswamy,0.6
Pithamagan Mahadevan,1.55
Harshvardhan Rane,1.018
Harish Uthaman,0.98
C. V. L. Narasimha Rao,0.6
Manava Koteswara Rao,0.6
Sravan,0.6
Jabardasth Shaking Seshu,0.6
Payal Rajput,1.4
Rethika Srinivas,0.6
Suzane George,0.702
Shivaji Raja,0.6
Vinod Sagar,0.98
Keshav Deepak,0.6
Saravanan,0.6
Raveena,0.98
Vijay Devarakonda,1.384
Pooja Jhaveri,0.728
Shakalaka Shankar,0.6
Shalini Pandey,0.981
Kanchana,0.6
Sanjay Swaroop,0.6
Gopinath Bhat,0.6
Priyadarshi Pullikonda,0.6
Aditi Myakal,0.6
Anisha Alla,0.6
Sandhya Janak,0.6
Jia Sharma,0.6
Bhushan Kalyan,0.6
Sri Sudha Bhimireddy,2.157
Lahari Shari,0.6
Rashmika Mandanna,1.427
Giri Babu,0.6
Anu Emmanuel,1.4
Abhay Bethiganti,2.076
Swapnika,0.6
Yashika Anand,1.913
Sanchana Natarajan,0.6
M. S. Bhaskar,0.6
Rajendran,1.116
K. S. G. Venkatesh,0.6
Anastasia Maslova,0.6
Karunakaran,0.772
Abhirami Venkatachalam,1.315
Priyanka Jawalkar,0.6
Malavika Nair,0.6
Madhunandan,0.6
Shiju,1.4
Yamuna,0.6
Vishnu Oi,0.6
Kaveri,0.6
Shruthi Ramachandran,0.6
Suhas,0.6
Raj Arjun,0.6
Charu Haasan,0.6
Anand,0.608
Aishwarya Rajesh,1.666
Izabelle Leite,0.6
Chakrapani Ananda,0.6
Shatru,0.6
Indhu,0.6
Mishti Chakravarty,0.98
Yami Gautam,0.6
Megha Akash,0.84
Pramodini Pammi,1.318
Nandita Swetha,0.772
Anant Nag,0.6
Jisshu Sengupta,0.694
Heeba Patel,0.608
Subhalekha Sudhakar,0.6
Mime Gopi,0.6
Mirchi Kiran,0.6
Varun Tej,0.98
Sapna Pabbi,0.84
Aditi Gowitrikar,1.382
Achyuth,0.6
Kitty,0.6
Mallikarjuna Rao,0.6
Ironleg Sastri,0.6
Raghunatha Reddy,0.6
Bhumika Chawla,0.84
Mumtaj,0.6
Rajan P Dev,0.703
Janaki Sabesh,0.6
S. J. Surya,0.777
Ravi Mariya,1.38
Renu Desai,0.6
Geetha,1.646
Raghuvaran,1.388
Meera Jasmine,0.98
Neha Oberoi,1.4
Gulshan Grover,0.937
Nikeesha Patel,0.6
Charan Raj,0.6
Girish Karnad,0.6
Sarah-Jane Dias,0.84
Anjali Lavania,0.6
Atul Kulkarni,1.388
Adivi Sesh,0.716
Boman Irani,0.732
Navika Kotia,0.6
Manasa Himavarsha,0.6
Bhanu Sree,0.6
Keerthi Suresh,1.677
Aadhi Pinisetty,0.98
Khushboo,1.4
Parag Tyagi,0.6
Adukalam Naren,0.6
Audra McDonald,2.101
Martha Plimpton,3.53
T.R. Knight,0.61
Rumer Willis,1.806
Jenna Ushkowitz,1.273
Nolan Gerard Funk,1.688
Sam Underwood,2.016
Tyler Blackburn,0.612
Al Calderon,0.6
Cheyenne Jackson,1.403
Ramón Olmos Torres,0.6
Akhil Akkineni,0.6
Anisha Mandhara,0.6
Farah Karimi,0.98
Glenn Webster,0.6
Kadambari Kiran,0.6
Nina Kumar,0.728
Raja Chembolu,0.6
Ro Ashika,0.6
Seema Morar,0.6
Hyper Adhi,1.38
Nagarjuna Akkineni,0.84
Lakshmi,0.6
Devadarshini,0.6
Nishanthi Evani,0.6
Akshara Gowda,0.6
Dev Gill,0.727
Aakanksha Singh,0.6
Kunal Kapoor,0.6
Srinivas Avasarala,0.6
Prem Khan,0.6
Raghu Karumanchi,0.6
Aishwarya,1.382
Manobala,0.986
Sampoornesh Babu,0.6
Myra Sareen,0.6
Duvvasi Mohan,0.6
Anasuya Bharadwaj,0.6
Meera Chopra,1.38
Jenny,0.6
Veda,0.6
Nageshwara Rao Akkineni,0.6
Ram Charan,1.4
Priyanka Chopra,4.593
Sanjay Dutt,1.4
Mahie Gill,0.6
Kavita Kaushik,0.6
Sanjay Sharma,0.98
Madhavi Latha,0.611
Suthi Velu,0.622
Gundu Hanumantha Rao,0.6
Subhashini,0.6
Saranya Mohan,0.6
Vithika Sheru,0.98
Sidhu Jonnalagadda,0.6
Hariprriya,0.6
Naramalli Sivaprasad,0.6
Meghna Naidu,0.6
Siddhika Sharma,0.6
Akbar Bin Tabar,0.6
Ritu Varma,0.6
Rajesh Vivek,0.6
Sowcar Janaki,0.84
Swathi Reddy,1.38
Nivetha Thomas,1.467
Mounica,0.6
Sai Pallavi,0.6
Vijay Varma,0.6
Aamani,0.6
Shraddha Srinath,0.863
Harish Kalyan,1.666
Viswant Duddumpudi,1.38
Sanusha Santhosh,0.62
Shishir Sharma,0.6
Bhupal Raju,0.6
Kartikeya Gummakonda,0.6
Priyanka Arul Mohan,0.6
Swapna,0.6
Vishwak Sen,0.6
Ruhani Sharma,1.4
Bhanuchander,0.694
Mrudhula Basker,0.6
Raj Tarun,0.6
Sai Chand,0.631
Saranya Pradeep,0.6
Gayathri Gupta,0.6
Geeta Bhaskar,0.6
Mohan Bhagath,0.6
Praveena Paruchuri,0.6
Karthik Rathnam,0.6
Radha Bessy,0.6
Praneeta Patnaik,0.6
Nithya Sree,0.6
Kesava Karri,0.6
Sundeep Kishan,0.6
Shamna Kasim,1.4
Ashwin Babu,0.6
Chethan Cheenu,0.6
Eshanya Maheshwari,0.6
Gururaj Manepalli,0.6
Ramki,1.4
Laxman Meesala,2.562
Naveen Polishetty,0.6
Shruti Sharma,0.6
Krishneswara Rao,0.6
Shredha Rajagopalan,0.6
Darbha Appaji Ambarisha,0.6
Sobhita Dhulipala,0.692
Naga Shourya,1.4
Achyuth Kumar,0.6
Nikhil Siddharth,0.6
Raja Ravindra,0.652
Swaraj Rebbapragada,0.6
Pooja Ramachandran,0.6
Jogi Naidu,0.6
Jogi Krishnam Raju,0.6
Sharwanand,0.996
Surbhi,0.6
Urvashi,0.608
Ajay Ghosh,0.6
Sudheer Babu,0.6
Nandita Raj,0.6
Nara Rohith,0.6
Aathma Patrick,0.625
Shravya Reddy,0.6
P. Ravi Shankar,0.6
Taapsee Pannu,1.4
Aditya Pancholi,0.6
Srikanth Meka,0.6
Nandamuri Balakrishna,0.959
Vidya Balan,1.383
Kalyan Ram,0.84
Manjima Mohan,0.631
Sumanth,0.6
Mirchi Madhavi,0.6
Supriya Vinod,0.6
Sri Teja,0.6
Devayani,1.186
Namrata Shirodkar,0.6
Arbaaz Khan,0.6
Shriya Sharma,1.637
Sharada,0.6
Karishma Kotak,0.6
Sadha,0.6
Prabhu Deva,1.092
Yana Gupta,0.6
Sudeep,1.562
Vijay Sethupathi,1.441
Henry Maynard,0.6
Oscar Skagerberg,0.6
Mark Kitto,0.6
Ranadheer,0.6
Ajay Rathnam,0.84
Santhosh Adduri,0.6
Lakshmi Gopalaswamy,1.38
Niharika Konidela,0.6
Krishna Chaitanya,0.6
Ramakrishna Meka,0.6
Amitabh Bachchan,3.678
Sonal Chauhan,0.6
Vedhika,0.6
Vikramjeet Virk,0.6
Kyra Dutt,0.84
Musskan Sethi,0.6
Kabir Bedi,1.315
Temper Vamsi,0.6
Kellan Lutz,4.052
Liam McIntyre,1.492
Gaia Weiss,2.648
Scott Adkins,3.943
Roxanne McKee,3.038
Liam Garrigan,1.4
Rade Šerbedžija,1.976
Johnathon Schaech,3.494
Luke Newberry,0.6
Kenneth Cranham,1.914
Sarai Givaty,0.6
Dimiter Doichinov,0.848
Nikolai Sotirov,2.278
Radoslav Parvanov,1.094
Spencer Wilding,1.4
Bashar Rahal,2.277
Vlado Mihailov,0.946
Dimo Alexiev,0.988
Liubomir Simeonov,0.6
Flora Saini,1.4
Seerat Kapoor,1.4
Nihal Kodhaty,0.6
Vinay Varma,3.052
Priya Raman,0.972
Kalyani Priyadarshan,0.98
Madhav Vaze,0.6
Aadarsh Balakrishna,0.6
Gouri G Kishan,0.6
Sai Kiran Kumar,0.6
Varsha Bollamma,0.6
Sonam Bajwa,1.065
Milind Gunaji,1.048
Richa Gangopadhyay,0.6
Sarath Babu,0.6
Satya Prakash,1.401
Junior Relangi,0.6
Prasad Babu,0.6
Katrina Kaif,1.548
M. Balaiah,0.6
Chitra Shukla,1.6
Nandini Rai,0.6
Vimala Raman,0.62
Tanya Hope,0.6
Bobby Simha,0.6
Divyansha Kaushik,0.6
Rajshri Nair,0.6
Mahesh Vitta,0.6
Mani Kiran,0.6
Sai Teja Kalvakota,0.6
Ankith Koyya,0.6
Atharvaa Murali,1.132
Mirnalini Ravi,0.6
Supriya Pathak,1.4
Dimple Hayathi,0.6
Neha Solanki,0.6
Ajmal Ameer,0.6
Aashikka Meka,0.6
Kathi Mahesh,0.6
Dhananjay Prabhune,0.6
Arvind Rau,0.6
Dheeraj Kv,0.6
Gandham Ramu,0.6
Jaffar Babu,0.6
Srikanth Iyengar,0.6
Asha Sarath,1.38
Unni Mukundan,1.4
Thalaivasal Vijay,0.84
Freddy Daruwala,0.6
Sriranjini,0.98
Muthukumar,1.4
Girish,0.6
Bhaskarachari,0.6
Himansi,0.6
Rajeshwar Reddy,0.6
Shivapriya,0.6
Himaja,0.98
Allu Sirish,0.6
Rukshar Dhillon,0.6
Zareen Khan,1.4
Rajesh Khattar,0.6
Upen Patel,0.61
Mir Sarwar,0.828
Eesha Rebba,0.6
Sharath Lohitashwa,0.6
Dasari Arun,0.6
Rajveer Ankur Singh,0.6
Abhirami Gopikumar,0.84
Sijoy Varghese,0.6
Laya,0.6
Anisha Ambrose,0.631
Abhinav Gomatam,0.6
Sai Sushanth Reddy,0.6
Venkatesh Kakumanu,0.6
Simran Chowdary,0.6
Kay Kay Menon,0.6
Om Puri,1.619
Rahul Singh,1.008
Kausalya,1.96
Irshad Ali,1.38
Thakur Anoop Singh,1.22
Suresh,0.6
Bitthiri Satthi,0.6
Sonia Agarwal,1.112
Mouryani,0.6
Neha Sharma,0.6
Daniel Balaji,0.629
Siddharth,0.98
Sudeepa Pinky,0.6
Vajja Venkata Giridhar,1.281
Rallapalli Narasimha,0.6
Kriti Sanon,1.01
Chitram Basha,0.6
Nyra Banerjee,0.98
K R Vijaya,0.694
Tara Alisha Berry,0.974
Maryam Zakaria,0.6
Sana Khaan,0.6
Elango Kumaravel,0.766
Babloo Prithiveeraj,0.709
Sricharan,0.6
Rishi,0.6
Narayan Lucky,1.411
Chaams,0.6
Mohan Raman,0.6
Badava Gopi,0.84
Kim Sharma,0.6
Saloni Aswani,0.728
Preeti Nigam,0.6
Raghu Raju,0.6
Apoorva,0.6
Radhan,0.6
Kalyani Malik,0.6
M.M. Keeravaani,0.6
Mani Sharma,0.6
S. Thaman,0.6
Sharreth,0.6
Devi Sri Prasad,0.6
G. V. Prakash Kumar,0.6
Chakri,0.6
Suchitra,0.694
Karthik,0.6
Geetha Madhuri,0.6
K. G. Ranjith,0.6
Vedala Hemachandra,0.6
Maalavika,0.6
Anup Rubens,0.6
Yuvan Shankar Raja,0.6
Aravind,0.6
Saindhavi Prakash,0.6
Shankar,0.6
Sravana Bhargavi,0.6
Anurag Kulkarni,0.6
Kasarla Shyam,0.6
Rahul Sipligunj,0.6
Mohana Bhogaraju,0.6
Harris Jayaraj,0.98
Radhakrishna Eskala,0.6
Shadab Rayeen,0.6
Mickey J Meyer,0.6
Benny Dayal,0.6
Sudesh Bhosle,0.605
Ilaiyaraaja,1.172
Armaan Malik,0.6
Shreya Ghoshal,0.6
Rahul Nambiar,0.6
Sid Sriram,0.6
Blaaze,0.6
Lady Kash,0.6
K. Haripriya,0.6
Mangli Satyavathi,0.6
Shanmukhapriya,0.6
Javed Ali,0.6
Chinmayi Sripaada,0.6
Rita Thyagarajan,0.6
S Chinna,0.6
Shankar Mahadevan,0.6
Ehsaan Noorani,0.6
Loy Mendonsa,0.6
Anirudh Ravichander,0.6
Tanishk Bagchi,0.6
Guru Randhawa,0.6
Sachet Tandon,0.6
Sunitha Sarathy,0.6
Shakthisree Gopalan,0.6
Haricharan,0.6
Yazin Nizar,0.6
Dhvani Bhanushali,0.98
Neeti Mohan,0.6
Badshah,0.6
Tulsi Kumar,0.6
Alyssa Mendonsa,0.6
Gingger Shankar,0.6
Sai Karthik,0.6
Usha Uthup,0.6
Gopi Sundar,0.6
Sri Vasanth,0.6
M. Ghibran,0.84
Alphons Joseph,0.6
Nikhita Gandhi,0.6
Sushma Shreshta,0.6
L. V. Revanth,0.6
Sam C S,0.6
M. R. Rajakrishnan,0.6
Balakesavan Shanmugam,0.6
Jakes Bejoy,0.6
Hari Haran,0.6
Sachin Sudhakaran,0.6
K C Sidharthan,0.608
Vysakh Sobhan,0.6
Raja Kiran,0.6
Nivas Prasanna,0.6
Justin Prabhakaran,0.6
Tony Joy,0.6
Sankaran,0.6
Sathyaprakash Dharmar,0.6
Nakul Abhyankar,0.6
Karthik Rodriguez,0.6
Kaala Bhairava,0.6
Aishwarya Ravichandran,0.6
Naresh Iyer,0.6
Yamini Ghantasala,0.6
Niranj Suresh,0.6
Nakash Aziz,0.6
Mahati Swara Sagar,0.6
Amala Chebolu,0.6
A. R. Rahman,0.6
Saluri Koteswara Rao,0.6
Ramya Behara,0.6
Sruthi Ranjani,0.6
Tushar Joshi,0.6
Chaitan Bharadwaj,0.6
Ajith Abraham George,0.6
Y.D. Manoj,0.6
Tapas Nayak,0.694
K Raghunadh,0.6
Sri Krishna,0.6
Anjana Sowmya,0.6
Padmalatha,0.6
Ravi Shankar,0.6
Vikram Biswas,0.968
Ashwin Bharde,0.6
V. Selvaganesh,0.6
Rakshita Suresh,0.6
Brodha,0.6
Shashaa Tirupati,0.98
Inno Genga,0.6
Darshan Raval,0.6
Varun Venugopal,0.6
Vivek Sagar,0.6
Shakti Kanth,0.6
Sweekar Agasthi,0.6
Mark K. Robin,0.6
T. Udayakumar,0.6
Arun S Mani,0.6
Sricharan Pakala,0.6
P. C. Vishnu,0.6
Sagar Mahati,0.6
Shekar Chandra,0.6
Sunny M.R.,0.6
Julius Packiam,0.6
Amit Trivedi,0.6
Chandrabose,0.6
Chirantan Bhatt,0.6
Anusha Mani,0.6
Tuomas Kantelinen,0.6
Kiril Kaloyanov,0.6
Vladimir Kaloyanov,0.98
Vicki Vandegrift,0.694
Jason Gaya,0.6
Chris Diebold,0.98
Kailand C. Reilly,0.6
Michael Baird,0.6
Angela Hemingway,0.6
Steven Iba,0.6
Mark Skillingberg,0.6
J.R. Ethiraj,0.6
Vishal Chandrasekhar,0.6
A M Rahmathulla,0.6
Prashant Pillai,0.6
Renganaath Ravee,0.6
G. Suren,0.6
Govindh Vasantha,0.6
Pradeep Kumar,0.6
S Alagia Koothan,0.6
Gurukiran,0.6
Ramana Gogula,0.6
S. P. Balasubramaniam,0.828
Bappi Lahiri,0.6
Aditya Iyengar,0.6
Sekhar Chandra,0.6
Adnan Sami,0.6
M. M. Manasi,0.6
JAM 8,0.6
Nimish Pilankar,0.6
Penchal Das,0.6
Judah Sandhy,0.6
Kavita Krishnamurthy,0.6
K. S. Chithra,0.6
Madhusudhan Reddy,0.6
Mahalakshmi Iyer,0.6
Pravin Mani,0.6
Mahesh Shankar,0.6
Ram Gopal Varma,1.38
Hanu Raghavapudi,0.6
B. V. Nandini Reddy,0.6
V. V. Vinayak,0.6
John Daly,0.6
A.S. Ravi Kumar Chowdary,0.6
Surendra Reddy,0.98
Perarasu,0.6
Bhimaneni Srinivasa Rao,0.6
Chandra Sekhar Yeleti,0.6
B. Gopal,0.6
Sekhar Kammula,0.6
S.S. Rajamouli,1.453
K Raghavendra Rao,0.6
Ashwin Gangaraju,0.6
Shiva Kumar BVR,0.6
Puri Jagannath,1.38
Veeru Potla,0.98
Sripriya,1.22
Jeethu Joseph,0.6
Ajay Bhuyan,0.6
A. Karunakaran,0.6
Vijaya Ram Prasad,0.6
Vijay Kumar Konda,0.6
Harish Shankar,0.6
Radha Mohan,0.98
Vikram Kumar,0.6
Trivikram Srinivas,1.4
Y. V. S. Chowdary,0.6
M. Saravanan,0.6
Santosh Srinivas,0.6
Sriwass,0.6
Bhaskar,0.6
Trinadha Rao Nakkina,0.6
Pasupuleti Krishna Vamsi,1.153
Jayant Paranji,0.6
Teja,0.694
Gunasekhar,0.6
Sreenu Vaitla,1.164
Saikishore,0.6
Srikanth Addala,0.6
Vinod Lingala,0.6
Hari,0.828
Vamsi Paidipally,0.98
Ahishor Solomon,0.6
Surender Reddy,0.694
Meher Ramesh,0.6
Sukumar,0.6
Hussain Sha Kiran,0.6
Buchi Babu Sana,0.6
Suresh Krishna,0.694
Sobhan,0.6
Koratala Siva,0.98
Raghava Lawrence,1.173
J. Pulla Rao,0.6
Vignesh Shivan,0.699
Sujeeth,0.6
Ayush Saini,0.6
Dario Cioni,0.6
Aarun Kumar Thevar,0.6
Lokesh Srinivasan,0.6
Nikhil Nadella,0.6
Anil Kumar Upadyaula,0.6
Ashwin Kumar Madasu,0.6
Kumareshan Ramachandran,0.6
Pranay Rao,0.6
Richard Montoya,0.6
Gopichand Malineni,0.6
Anil Ravipudi,0.6
Sunil Kumar Reddy,0.6
BVS Ravi,0.6
Maruthi Dasari,0.6
Subbu,0.6
Bobby Kolli,1.052
Ram Gopal Chowdary,0.6
Boyapati Srinu,0.6
Sreenivas Mamilla,0.6
Ramesh Varma,0.6
Srinivasa Ravindra,0.6
Sandeep Reddy Vanga,0.6
Parasuram,0.6
Anand Shankar,0.6
Rahul Sankrityan,0.6
Bharat Kamma,0.6
Krishnan Nallappa,0.6
Kranthi Madhav,0.6
Ved Aitharaju,0.6
Premsai,0.6
Satish Vegesna,0.98
Venky Kudumula,0.6
Venky Atluri,0.6
P.A. Arun Prasad,0.6
Veera Shankar,0.6
Vishnuvardhan,0.6
Vasu Varma,0.6
Kishore Kumar Pardasani,0.828
Tom Gustafson,0.6
P. Sathish Chandra,0.6
Upasana Chhetri,0.6
V. N. Aditya,0.6
Siva,1.4
Sriram Adittya,0.6
Vasu Bhavirisetti,0.6
Nani Challagulla,0.6
Abhinav Chilukamari,0.6
Kishore Chowdary Gottipati,0.6
Teja Kakumanu,0.6
Kalyan Krishna,0.6
Dasaradh,0.6
Apoorva Lakhia,0.6
Satyam Bellamkonda,0.6
Tatineni Satya,0.6
Ashok G.,0.6
Nag Ashwin,0.6
Mohana Krishna Indraganti,0.982
Shiva Nirvana,0.6
Venu Sriram,0.98
Gautham Thinnanoori,0.6
Mukund Pandey,0.6
Swaroop Mittapalli,0.6
Sailesh Kolanu,0.6
Palnati Surya Pratap,0.6
Venkatesh Maha,0.6
Praveen Sattaru,0.6
Ohmkar,0.98
Tharun Bhascker Dhaassyam,0.6
Ajay Bhupathi,0.6
Swaroop RSJ,0.6
G. Nageswara Reddy,0.6
Sashi Kiran Tikka,0.6
Chandoo Mondeti,0.6
Ravikanth Perepu,0.6
Sudheer Varma,0.6
Merlapaka Gandhi,0.6
Prabhakar Reddy,0.6
Pavan Mallela,0.6
Radha Krishna Jagarlamudi,0.694
Kodi Ramakrishna,0.694
K. Vijaya Bhaskar,0.6
A.R. Murugadoss,0.6
Naveenbandi,0.6
R. R. Gogu,0.6
Balakrishnan Thevar,0.6
Haari K. Chanduri,0.6
K. S. Ravikumar,0.6
Murali Paruchuri,1.38
Renny Harlin,0.84
Shelly Stoyanova,0.6
Mila Maslarova,0.6
Venkat Ramji,0.6
Dasari Carthyk,0.6
C. Prem Kumar,0.6
Rambabu Kongarapi,0.6
P. Vasu,0.84
Selvaraghavan,0.6
P. Narayana,0.6
Vi Anand,0.6
Suresh Paruchuri,0.6
Laxman Musuluri,0.6
Karthik Subbaraj,1.214
K. V. Guhan,0.6
T. N. Santhosh,0.6
Venkat,0.6
Sekhar Reddy Yerra,0.6
Siddharth Reddy Guduri,0.6
Siddartha Thatolu,0.6
Vikram Sirikonda,0.6
Abhimanyu Srivastava,0.6
Kishore Tirumala,0.6
Sanjeev Reddy,0.6
Thiru,0.6
Dasam Sai,0.6
Sankalp Reddy,0.98
C H Vijay,0.6
Srinivas Reddy,0.6
Kannan DS,0.6
Bapu,0.6
Katta Deva,0.6
Ronnie Screwvala,0.618
Prasad Devineni,0.6
Shobu Yarlagadda,0.6
Iliya Sotirov,0.6
Sri Valli M M,0.6
B. V. S. N. Prasad,0.6
Daggubati Suresh Babu,0.6
Rajkumar Sethupathy,0.6
Siva Prasad Reddy,0.6
Chandan Reddy DV,0.6
DVV Danayya,0.6
Aditya Ram,0.6
Vikram Goud,0.6
Allu Aravind,0.6
N. Sudhakar Reddy,0.6
C. Ashwini Dutt,0.6
M. S. Raju,0.6
Sravanthi Ravi Kishore,0.6
Bellamkonda Suresh,0.6
Dil Raju,0.6
Maniraj Padigomula,0.6
Swapna Dutt,0.6
Anil Sunkara,0.6
Ram Achanta,0.6
Gopichand Achanta,0.6
Param V Potluri,0.6
Guru Bobba,0.6
Rita Powers,0.6
Kavin Anne,0.6
Raj Kumar,0.6
Koti Paruchuri,0.6
Pearl V. Potluri,0.6
Jonty Singh Rawat,0.6
Shirish,0.6
S. Radha Krishna,0.6
Raagini Guna,0.6
K Ram Gopal,0.6
PDV Prasad,0.6
Chengala Venkat Rao,0.6
K.L. Narayana,0.6
Urmila Gangaraju,0.98
Priyanka Dutt,0.6
Bellamkonda Ganesh,0.6
Bhushan Kumar,0.6
Gulshan Kumar,0.6
Ollwyn Dsouza,0.6
V. Vamshi Krishna Reddy,0.6
Aadore Mukherjee Mehra,0.6
P S Shyam,0.6
Alex Gee,0.6
Mini Purushot,0.6
Ivano Fucci,0.6
Michele Saragoni,0.6
Avinash Pathak,0.6
Sumit Shukla,0.6
Sunny Kapoor,0.6
Christine Sheaks,0.6
Lorena David,0.6
Dr. C. Rohin Reddy,0.6
K. S. Rama Rao,0.6
K. Vallabha,0.6
BVSN Prasad,0.6
Bhimaneni Sunitha,0.6
Bheemaneni Roshitha Sai,0.6
Pranay Reddy Vanga,0.6
Bunny Vas,0.6
Satya Gamidi,0.6
K. E. Gnanavelraja,0.6
Sriniwas Kumar Naidu,0.6
V Manoj Kumar,0.6
Y. Ravi Shankar,0.6
Naveen Yerneni,0.6
Yash Rangineni,0.6
Mohan Cherukuri,0.6
Chiranjeevi Pedamallu,0.6
Uday Bhanu Avirineni,0.6
Anil Kumar Vanga,0.98
S. Venkatarathnam,0.6
Suryadevara Naga Vamsi,0.6
Venkat Krishnamaneni,0.6
A. M. Rathnam,0.608
Shamsher Walia,0.6
Navodaya Appachan,0.6
Singanamala Ramesh,0.6
Sharath Marar,0.6
Sig De Miguel,0.6
Stephen Vincent,0.6
Ash Christian,0.75
Hunter Arnold,0.6
Rachita Kapoor,0.6
Yogesh Sudhakara Mallineni,0.6
Bhogavalli Bapineedu,0.6
Sajida Junaid,0.6
Rengarajan Jaiprakash,0.6
Gemini Kiran,0.6
Anand Reddy Karnati,0.6
Nagarjuna Mallidi,0.6
Siddharth Patnaik,0.6
Sudheer Chandra Padiri,0.6
Rahul Odak,0.6
N V Prasad,0.6
Harshith Reddy,0.98
K Ravindra Babu,0.6
S Venkatrathnam,0.6
Seshu Priyanka Chalasani,0.6
K. V. V. Bala Subramanyam,0.6
Prashanthi Tipirneni,0.6
Chanakya Booneti,0.6
Raj Kandukuri,0.6
Ashok Reddy Gummakonda,0.6
Rahul Yadav Nakka,0.6
Rajani Korrapati,0.6
Musunuru Vamsi,0.6
Sri Vinod,0.6
Sai Korrapati,0.6
Vishnuvardhan Induri,0.6
Ravishankal Akkineni,0.6
Vakada Appa Rao,0.656
V. Y. Praveen Kumar,0.6
Kalyan C,0.6
Vatsa Nagaraja,0.6
C Venkateswara Rao,0.6
Patsa Nagaraja,0.6
Anand Prasad,0.6
Boaz Davidson,1.568
Les Weldon,0.6
Danny Lerner,1.624
Avi Lerner,0.98
John Thompson,0.985
Trevor Short,1.164
Kate Dowd,0.6
Marianne Stanicheva,1.428
Giulio Steve,0.6
Denitza Daverova,0.6
Krishnakanth Kamineni,0.6
Vamsi Krishna Reddy,0.6
Sudhakar Cherukuri,0.6
Prasad Chukkapally,0.6
Chandrasekhar Ravipati,0.6
Ramakrishna Reddy,0.6
Jagarlamudi Saibabu,0.6
Bharath Chowdary,0.6
Kiran Reddy,0.6
Sivalenka Krishna Prasad,0.6
Ram Talluri,0.6
Rajani Talluri,0.6
Sai Rishika,0.6
Harish Peddi,0.6
Sahu Garapati,0.6
Tagore Madhu,0.6
Kaviya Venugopal,0.6
Rajkumar Akella,0.6
Sharann Addala,0.6
Pushpa Bhaskar,0.6
M.R.V. Prasad,0.6
Marpuri Praveen,0.6
Abhishek Agarwal,0.6
Ramabrahmam Sunkara,0.6
Ajay Sunkara,0.6
Kishore Garikipati,0.6
P D V Prasad,0.6
CV Mohan,0.6
Karan Johar,1.418
Prasad Vara Potluri,0.6
Anvesh Reddy,0.6
Venkatramana Reddy,0.6
Nallamalupu Bujji,0.6
Kishore Duggirala,0.6
M. R. Rammohan,0.6
Edida Raja,0.6
M. S. Guhan,0.6
Ravi Vallabhaneni,0.6
Lakshmi Bhoopal,0.6
Kona Venkat,0.6
Kendrew Lascelles,0.6
Vakkantham Vamsi,0.6
Paruchuri Brothers,0.6
Vijayendra Prasad,0.608
Rahul Koda,0.6
Manoj Muntashir,0.6
Abburi Ravi,0.6
Shiv Singh,0.6
Darling Swamy,0.6
Ramajogayya Sastry,0.6
Ravi Kumar Bhaskarabhatla,0.6
S. N. Swamy,0.6
Satyanand,0.6
Gopi Mohan,0.98
Ganesh Patro,0.6
Upendra Madhav,0.6
Praveen Varma,0.6
Chinni Krishna,0.6
Hari Vishwanath,0.6
Thota Prasad,0.98
Gopalakrishna Paruchuri,0.6
Sirivennela Seetharama Sastry,0.6
Madhu Vipparthi,0.6
Jonnavithhula Ramalingeswara Rao,0.6
Javed Akhtar,0.6
Salim Khan,0.6
Madhan Karky,0.6
Amitabh Bhattacharya,0.98
Hussain Dalal,0.652
Abbas Dalal,0.6
Vinayak Sasikumar,0.6
Krishna Kanth,0.6
Sreejo,0.6
K.G.R Ashok,0.6
Sai Krishna,0.6
S. R. Prabhakaran,0.6
M. Rathnam,0.6
Sai Madhav Burra,0.6
Anantha Sriram,0.6
Ram Kumar,0.6
Shan Karuppusamy,0.6
Sai Kumar Reddy,0.6
Sreshta,0.6
Sri Mani,0.6
Rajendra Kumar,0.6
Bhoopati Raja,0.6
Siva Akula,0.6
Arthur Schnitzler,0.6
Cory Krueckeberg,0.6
Michael John LaChiusa,0.6
Kittu Vissapragada,0.6
Subham Viswanadh,0.6
Venkat D Pati,0.6
Ram Mohan P,0.6
Suresh Nair,1.4
Suseenthiran,0.6
Patrikeya,0.6
Mamidala Thirupathi,0.6
Srikanth Vissa,0.6
Venky,0.6
Tajuddin Syed,0.6
Rahul Pakala,0.6
Ramesh Reddy,0.6
Rajkumar Hirani,0.665
Bhupati Raja,0.6
Sean Hood,0.732
Daniel Giat,0.6
Karthik Netha,0.6
Janardhan Maharshi,0.6
Ezhil,0.6
Vijay Kamisetty,0.6
Chaitanya Prasad,0.6
Rambabu Gosala,0.6
Vanamali,0.6
Srimani,0.6
Varikuppala Yadagiri,0.6
Karun Venkat,0.6
Sreenivasa Reddy,0.6
Rajmohan,0.6
Gangaraju Gunnam,0.6
Azad Alam,0.6
Niranjan Reddy,0.6
Veligonda Srinivas,0.6
Sridhar Seepana,0.6
Rajasimha,0.6
Caarthick Raju,0.6
Arjun Gunnala,0.6
Srikanth N Reddy,0.6
Hari Prasad,0.6
